Video ID,Video Title,Publish Date,View Count,Like Count,Dislike Count,Like-dislike Ratio
LVmg9L-4ojo,Firewall Zero Hour - PS VR Gameplay | PS Underground,2018-10-17T20:15:01Z,321579,2371,254,9.33
_1MMam7zMbc,Susabi - Hoang [TiÃªu Äiá»ƒm Thá»©c Tháº§n][Ã‚m DÆ°Æ¡ng SÆ°],2018-05-11T13:16:53Z,111118,1329,25,53.16
HljJvwifETg,ã€ãƒãƒªã‚ªã‚«ãƒ¼ãƒˆ8 ãƒ‡ãƒ©ãƒƒã‚¯ã‚¹ã€ ç´¹ä»‹æ˜ åƒ,2018-03-09T01:51:52Z,1682576,3718,458,8.12
DpHDJRGuL7w,1-2-Switch Overview Trailer - Nintendo Switch,2018-02-20T18:50:38Z,1547611,10874,3378,3.22
wH1rzghneDM,Minecraft on Nintendo Switch â€“ Play Together,2018-06-21T14:10:25Z,4376402,10096,365,27.66
EHg2FODS7ak,Mario Tennis Aces - Koopa Paratroopa - Nintendo Switch,2018-10-29T13:00:00Z,245120,3314,159,20.84
YNrIydZW25w,PUBG Daily Funny WTF Moments Highlights Ep 294,2018-06-09T16:00:02Z,161063,2468,94,26.26
cnyGFuUdFBc,Donkey Kong Country Tropical Freeze â€“ Meet the Kongs: Diddy Kong â€“ Nintendo Switch,2018-05-01T16:56:13Z,138302,2387,64,37.3
3h-jLVmkT-Q,Super Smash Bros. Ultimate - Arcadian Teen Tournament - Nintendo Switch,2018-08-01T17:00:01Z,1216969,16022,756,21.19
Jb4xSzTNd-I,MINECON Earth 2018 Livestream,2018-09-29T20:52:33Z,1144101,46125,1370,33.67
pbD4Hr-qux0,"[VCS Mic check - Cherry Esports] Zin cÃ²n tráº», Zin muá»‘n Ä‘Æ°á»£c thi Ä‘áº¥u!",2018-08-08T13:46:51Z,204182,1675,43,38.95
XR3M2MckjKE,Mario Tennis Aces - Shy Guy - Nintendo Switch,2018-11-26T17:00:02Z,151748,1930,80,24.13
4PRS0UHXJt4,å¤§ä¹±é—˜ã‚¹ãƒãƒƒã‚·ãƒ¥ãƒ–ãƒ©ã‚¶ãƒ¼ã‚º SPECIAL å®Ÿæ¼”ãƒ—ãƒ¬ã‚¤æ˜ åƒ,2018-11-03T23:05:19Z,963159,12038,243,49.54
jYXySXdC-KI,Mario + Rabbids Kingdom Battle Donkey Kong Adventure - Launch Trailer - Nintendo Switch,2018-06-27T16:00:08Z,125545,2730,88,31.02
5wKWxr_QAA4,ã€å…¬å¼ã€‘ãƒã‚±ãƒ¢ãƒ³ã€€ãƒ¢ãƒ³ã‚³ãƒ¬ã‚¹ãƒˆãƒ¼ãƒªãƒ¼ã€€ï¼ƒ8ã€€ã‚¼ãƒ©ã‚ªãƒ© VS ãƒ¬ãƒƒã‚¯ã‚¦ã‚¶!! å‹ã¤ã®ã¯ã©ã£ã¡ã ã€åŠ›æ¯”ã¹ ãƒãƒˆãƒ«ï¼,2018-06-15T06:29:44Z,93720,,,
SndlWKdDzKA,ã€å…¬å¼ã€‘ãƒã‚±ãƒ¢ãƒ³ã€€ãƒ¢ãƒ³ã‚³ãƒ¬ã‚¹ãƒˆãƒ¼ãƒªãƒ¼ã€€â™¯3ã€€ãƒ”ã‚«ãƒãƒ¥ã‚¦ã®ã‚¯ãƒ¬ãƒ¼ãƒ³å¤§è„±å‡º,2018-03-30T04:00:05Z,798758,,,
jCaXSxYrrWM,Octopath Traveler - Character Trailer - Nintendo E3 2018,2018-06-12T16:31:51Z,1609868,9569,2034,4.7
dm71xF5sDpY,ãƒãƒªã‚ªãƒ†ãƒ‹ã‚¹ ã‚¨ãƒ¼ã‚¹ ãƒ˜ã‚¤ãƒ›ãƒ¼å‚æˆ¦!,2018-11-26T01:00:01Z,79594,695,16,43.44
aaYsR67hAoA,Our Nintendo Labo Creation - Nintendo Minute,2018-04-20T22:00:01Z,506448,4623,714,6.47
op5MUsslPnA,Super Mario Party 2 vs 2 Gameplay ft. Andre 'Black Nerd' & Katie Wilson - Nintendo Minute,2018-09-28T22:00:05Z,289576,4171,397,10.51
Y8zQxSWaotc,Captain Toad Treasure Tracker - Overview Trailer - Nintendo Switch,2018-07-13T16:00:06Z,4891456,18850,4577,4.12
_cn4gkBayv4,ãƒ‹ãƒ£ãƒ‹ãƒ£ãƒ‹ãƒ£! ãƒã‚³ãƒãƒªã‚ªã‚¿ã‚¤ãƒ  ç¬¬114å›(ã€ŒNintendo Laboã€ã»ã‹),2018-05-09T01:00:21Z,505817,1349,155,8.7
7cmNvKEPJbs,Mario Tennis Aces - Petey Piranha - Nintendo Switch,2018-11-26T17:00:01Z,169440,2313,97,23.85
KDEuOyVGqLI,Kof Mugen Orochi Yashiro Rhythm VS Element Team,2018-10-01T04:00:55Z,557495,7015,557,12.59
cYrqZqXdcDM,Fortnite - Fortnitemares 2018 Trailer - Nintendo Switch,2018-10-24T17:51:33Z,340038,7150,571,12.52
qWhCqBFbJXo,Biome Chooser - Desert,2018-09-24T14:09:33Z,714956,25774,370,69.66
lR7EDhT2CJ8,é€²ã‚!ã‚­ãƒãƒ”ã‚ªéšŠé•· ç´¹ä»‹æ˜ åƒ,2018-06-20T01:10:04Z,1778587,3654,551,6.63
iQXzUhaSQ5w,Donkey Kong Country: Tropical Freeze - Accolades Trailer - Nintendo Switch,2018-05-09T17:38:53Z,381221,5222,117,44.63
N0lTjs5w14c,Tricky Towers - Launch Trailer - Nintendo Switch,2018-10-11T17:00:03Z,83096,1352,71,19.04
bnn0qA-N0N8,ã‚«ãƒ‹ãƒã‚±ãƒ³ã‚« - Fight Crab - [Indie World 2018.12.27],2018-12-27T06:00:05Z,104507,749,30,24.97
8IQe_8aRHlU,SEGA Genesis Classics - Features Trailer - Nintendo Switch,2018-10-30T14:00:00Z,131611,4145,92,45.05
P2pLHYDd7no,Overcooked 2 Gameplay - Nintendo Treehouse: Live | E3 2018,2018-06-13T02:15:04Z,223955,1813,93,19.49
29msq8JBeds,ã‚·ãƒ†ã‚£ãƒ¼ã‚ºï¼šã‚¹ã‚«ã‚¤ãƒ©ã‚¤ãƒ³ Nintendo Switch Edition [Nintendo Direct 2018.9.14],2018-09-13T22:40:49Z,108716,682,25,27.28
4-OrOkDLxmI,Super Smash Bros. Ultimate Gameplay Pt. 9 - Nintendo Treehouse: Live | E3 2018,2018-06-15T18:59:47Z,470540,5220,249,20.96
ZFxqRX7CPWM,Biome Chooser - Taiga,2018-09-25T14:03:48Z,512929,21866,233,93.85
p__QPQRnTZo,Team Iori VS SÃºper Orochi Team,2018-02-18T23:24:01Z,214990,3518,193,18.23
YW6Cxk9J5hE,Arena of Valor Nintendo Switch Edition is Now Free-To-Play!,2018-09-25T16:00:03Z,128872,2864,142,20.17
BPDZmzjULtg,ãƒ‹ãƒ£ãƒ‹ãƒ£ãƒ‹ãƒ£! ãƒã‚³ãƒãƒªã‚ªã‚¿ã‚¤ãƒ  ç¬¬111å›(ã€Œæ˜Ÿã®ã‚«ãƒ¼ãƒ“ã‚£ ã‚¹ã‚¿ãƒ¼ã‚¢ãƒ©ã‚¤ã‚ºã€ã»ã‹),2018-03-28T00:59:51Z,278188,1070,93,11.51
Z8VomG_49pU,Paladins for Nintendo Switch - Announcement Trailer,2018-06-07T15:00:04Z,410091,13820,821,16.83
JtXbEdpW6rc,Hungry Shark World Launch Trailer   Nintendo Switch,2018-07-18T16:00:04Z,149322,3308,284,11.65
IfwJaRTkNwo,YO-KAI WATCH BLASTERS - Announcement Trailer - Nintendo 3DS,2018-06-28T12:00:01Z,245897,4971,252,19.73
KrMbZP5NY3o,Mario Runs the Town in Super Smash Bros. Ultimate - Nintendo Switch,2018-12-07T15:00:03Z,504819,4779,77,62.06
yn0IuW4_fc4,[eSports247] Tin chuyá»ƒn nhÆ°á»£ng cá»±c máº¡nh LCK,2018-11-20T10:54:10Z,237258,3796,65,58.4
owf9RBBFdt4,Revine TouchDown cu mult Noroc ! | Clash Royale Romania,2018-04-16T11:15:01Z,15004,1012,34,29.76
Vn35KqpFhGk,Biome Chooser - Savanna,2018-09-26T14:00:05Z,570030,21640,294,73.61
M2yOkpCX2Ok,ãƒ‹ãƒ£ãƒ‹ãƒ£ãƒ‹ãƒ£! ãƒã‚³ãƒãƒªã‚ªã‚¿ã‚¤ãƒ  ç¬¬126å›(ã€Œã‚¹ãƒ¼ãƒ‘ãƒ¼ ãƒãƒªã‚ªãƒ‘ãƒ¼ãƒ†ã‚£ã€ã»ã‹),2018-10-31T01:00:03Z,173102,882,58,15.21
c4S99fPNCz4,PUBG Daily Funny WTF Moments Highlights Ep 268,2018-05-12T20:45:00Z,144588,1977,107,18.48
EtgQwAg4iWc,Splatoon 2 U.S./Canada Inkling Open 2018 Finals,2018-04-28T22:38:09Z,269893,6878,219,31.41
MzBqU6fWbTg,MINECON Earth 2018: Update Highlights,2018-09-29T18:03:56Z,551394,22791,195,116.88
_0vuf_tunAE,æ˜Ÿã®ã‚«ãƒ¼ãƒ“ã‚£ ã‚¹ã‚¿ãƒ¼ã‚¢ãƒ©ã‚¤ã‚º [Nintendo Direct 2018.3.9],2018-03-08T22:35:22Z,716419,2093,166,12.61
iztO8iD7wA8,Highlight CR vs FTV [VCS MÃ¹a HÃ¨ 2018][23.06.2018][VÃ¡n 2],2018-06-23T12:03:40Z,19507,66,3,22
EsMHErqHSHU,Yoshiâ€™s Crafted World - Gameplay - Nintendo Treehouse: Live,2018-11-02T01:40:48Z,853392,7404,451,16.42
c8Tg3my3BEw,UNDERTALE [Indie World 2018.5.11],2018-05-11T00:59:51Z,185810,3236,84,38.52
Fffn7y-Onh8,Kof Mugen Orochi Iori Team VS Orochi Kyo Team,2018-08-27T01:45:05Z,793956,12539,710,17.66
SERHYVyMXs0,ã€å…¬å¼ã€‘ãƒã‚±ãƒ¢ãƒ³ã€€ãƒ¢ãƒ³ã‚³ãƒ¬ã‚¹ãƒˆãƒ¼ãƒªãƒ¼ã€€â™¯5ã€€ã™ãã£ã¦ãƒã‚±ãƒ¢ãƒ³ï¼ãƒãƒƒã‚·ãƒ–ãƒ¼ãƒ³,2018-03-30T04:00:04Z,951326,,,
qCWPtjawtSs,ã€å…¬å¼ã€‘ã€ãƒã‚±ãƒ¢ãƒ³ GOã€ã¨ã®é€£æºã‚„ä¼èª¬ã®ãƒã‚±ãƒ¢ãƒ³ã‚’ç´¹ä»‹ï¼ ã€ãƒã‚±ãƒƒãƒˆãƒ¢ãƒ³ã‚¹ã‚¿ãƒ¼ Let's Go! ãƒ”ã‚«ãƒãƒ¥ã‚¦ãƒ»Let's Go! ã‚¤ãƒ¼ãƒ–ã‚¤ã€ 9/19æœ€æ–°æƒ…å ±,2018-09-19T13:00:06Z,551406,,,
r9UKSQz4Ro0,Luigiâ€™s Mansion Co-op Ghost Catching - Nintendo Minute,2018-10-12T22:00:03Z,185072,2484,218,11.39
dKeKYgNvJ2M,Nickelodeon Kart Racers - Announce Trailer | PS4,2018-09-24T16:00:04Z,416103,9450,1412,6.69
VMZ6gdP_R4Y,Ms. Splosion Man - Launch Trailer - Nintendo Switch,2018-11-22T15:00:07Z,133465,2464,289,8.53
FGcsCbF7lYk,ã€å…¬å¼ã€‘ ãƒã‚±ãƒ¢ãƒ³ã‚«ãƒ¼ãƒ‰ã‚²ãƒ¼ãƒ PVã€ŒTAG TEAM GXã€,2018-11-30T12:26:04Z,385785,,,
QU9DaRscvMo,Luigiâ€™s Mansion - Face Your Fears Trailer - Nintendo 3DS,2018-10-01T14:03:20Z,2682900,8181,221,37.02
KSIp5Jckg0M,Luigiâ€™s Mansion: Not-So-Spooky Trailer - Nintendo 3DS,2018-09-14T00:27:28Z,8036873,26146,6247,4.19
0VD8xcKEkTI,ã€å…¬å¼ã€‘ã‚¤ãƒ¼ãƒ–ã‚¤ vs ãƒ”ã‚«ãƒãƒ¥ã‚¦å‹ã¤ã®ã¯ã©ã£ã¡ï¼Ÿ ç¨®ç›®ï¼šç›¸æ’²,2018-08-03T06:35:13Z,286160,,,
5r-snDBcXJE,Super Smash Bros. Ultimate Character Gameplay - Nintendo Treehouse: Live | E3 2018,2018-06-20T00:01:02Z,698779,7160,489,14.64
ZRpqs1n-od8,Wasteland 2: Directorâ€™s Cut - Gameplay Trailer - Nintendo Switch,2018-10-16T00:03:13Z,64583,1229,119,10.33
cR--K0hCNz0,Mario Tennis Aces Gameplay Pt. 1 - Nintendo Treehouse: Live | E3 2018,2018-06-14T22:20:14Z,218509,1431,110,13.01
5DUUpttCVtc,ãƒ‹ãƒ£ãƒ‹ãƒ£ãƒ‹ãƒ£! ãƒã‚³ãƒãƒªã‚ªã‚¿ã‚¤ãƒ  ç¬¬110å›(ã€Œåæ¢åµãƒ”ã‚«ãƒãƒ¥ã‚¦ã€ã»ã‹),2018-03-14T01:00:14Z,310095,1098,110,9.98
vDHWfV0X-CU,ã‚¹ãƒ—ãƒ©ãƒˆã‚¥ãƒ¼ãƒ³2 ã‚ªã‚¯ãƒˆãƒ»ã‚¨ã‚­ã‚¹ãƒ‘ãƒ³ã‚·ãƒ§ãƒ³ ãƒ—ãƒ¬ã‚¤æ˜ åƒ #02ã‚¹ãƒ„ãƒˆã‚³ãƒ»ãƒ‰ãƒ„æ‹é§…,2018-05-08T09:09:37Z,399130,4114,86,47.84
vpQe5BHJP6Y,ã€Œã‚ˆã‚ã“ã®ãƒãƒªã‚ªãƒ†ãƒ‹ã‚¹ã§ã‹ã‘ã²ãç”Ÿæ´»ã€ã‚ˆã‚ã“ vs è¦ªå­ [Nintendo Live 2018],2018-11-27T10:22:20Z,80884,352,20,17.6
6lNxPxssX3s,Official Scribblenauts Showdown Announcement Trailer - Nintendo Switch,2018-01-16T14:00:00Z,484891,12412,359,34.57
K-yI_tZxjtY,ãƒ‹ãƒ£ãƒ‹ãƒ£ãƒ‹ãƒ£! ãƒã‚³ãƒãƒªã‚ªã‚¿ã‚¤ãƒ  ç¬¬130å›(ã€Œå¤§ä¹±é—˜ã‚¹ãƒãƒƒã‚·ãƒ¥ãƒ–ãƒ©ã‚¶ãƒ¼ã‚º SPECIALã€ã»ã‹),2018-12-26T01:00:00Z,182943,897,59,15.2
mRiojjy8E8k,ã‚ˆã‚ã“ã®ã‚¹ãƒ—ãƒ©ãƒˆã‚¥ãƒ¼ãƒ³ã§ãƒŒãƒªãƒŒãƒªç”Ÿæ´» [Nintendo Live 2018],2018-11-06T12:33:46Z,901788,3086,260,11.87
_VmdlvMtbRQ,ã€å…¬å¼ã€‘ãƒ‹ãƒ£ãƒ¼ã‚¹ã®ã†ãŸã€Œãƒ‹ãƒ£ãƒ¼ã‚¹ã®ã‚‚ã®ã²ã‚ã„ ï½è¡—ã‚’ãã‚Œã„ã«ï½ã€MVï¼ˆãƒã‚±ãƒ¢ãƒ³ã ã„ã™ãã‚¯ãƒ©ãƒ–ï¼‰,2018-09-13T07:00:04Z,819113,,,
kF7JDSFnIe4,Indie World 2018.12.27,2018-12-27T06:00:05Z,219346,2254,122,18.48
jfK76I7X-AM,PUBG Daily Funny WTF Moments Highlights Ep 342,2018-07-31T13:00:27Z,91793,1520,51,29.8
Q4-gTqNP1QY,å¤ªé¼“ã®é”äºº Nintendo Switchã°ï½ã˜ã‚‡ã‚“! [Nintendo Direct 2018.3.9],2018-03-08T22:35:22Z,500096,3010,92,32.72
tKFLU8lQbEs,King of the Hat - Teaser Trailer - Nintendo Switch,2018-08-28T16:30:01Z,81040,1787,80,22.34
QThlFsALDV4,ãƒ‹ãƒ£ãƒ‹ãƒ£ãƒ‹ãƒ£! ãƒã‚³ãƒãƒªã‚ªã‚¿ã‚¤ãƒ  ç¬¬108å›(ã€Œæ˜Ÿã®ã‚«ãƒ¼ãƒ“ã‚£ ã‚¹ã‚¿ãƒ¼ã‚¢ãƒ©ã‚¤ã‚ºã€ã»ã‹),2018-02-14T01:00:12Z,307863,1202,101,11.9
oewc_zBCmcY,Risk of Rain - Launch Trailer - Nintendo Switch,2018-09-20T16:00:07Z,86144,2031,76,26.72
o8lGXyRzEls,ãƒ‹ãƒ£ãƒ‹ãƒ£ãƒ‹ãƒ£! ãƒã‚³ãƒãƒªã‚ªã‚¿ã‚¤ãƒ  ç¬¬127å›(ã€Œãƒã‚±ãƒƒãƒˆãƒ¢ãƒ³ã‚¹ã‚¿ãƒ¼ Let's Go! ãƒ”ã‚«ãƒãƒ¥ã‚¦ãƒ»Let's Go! ã‚¤ãƒ¼ãƒ–ã‚¤ã€ã»ã‹),2018-11-14T01:00:02Z,221331,1007,95,10.6
6RNzaUUpDXE,"Huracanul, cea mai rapidÄƒ ?! | The Crew 2",2018-07-19T07:30:00Z,58644,2196,53,41.43
WnO027w_LV8,ãƒ‹ãƒ£ãƒ‹ãƒ£ãƒ‹ãƒ£! ãƒã‚³ãƒãƒªã‚ªã‚¿ã‚¤ãƒ  ç¬¬123å›(ã€ŒNintendo Labo ãƒ‰ãƒ©ã‚¤ãƒ–ã‚­ãƒƒãƒˆã€ã»ã‹),2018-09-19T01:00:18Z,173936,1136,99,11.47
tZDBniW0_uQ,ãƒ‹ãƒ£ãƒ‹ãƒ£ãƒ‹ãƒ£! ãƒã‚³ãƒãƒªã‚ªã‚¿ã‚¤ãƒ  ç¬¬106å› (ã€Œãƒãƒªã‚ªï¼‹ãƒ©ãƒ“ãƒƒãƒ„ ã‚­ãƒ³ã‚°ãƒ€ãƒ ãƒãƒˆãƒ«ã€ã»ã‹),2018-01-17T01:00:13Z,323663,1106,120,9.22
KWWy39sqzF4,PokkÃ©n Tournament DX Battle Pack Wave 2 - Available Now - Nintendo Switch,2018-03-23T15:01:20Z,948035,6349,396,16.03
XsZNgT2FYl0,ãƒ‹ãƒ£ãƒ‹ãƒ£ãƒ‹ãƒ£! ãƒã‚³ãƒãƒªã‚ªã‚¿ã‚¤ãƒ  ç¬¬122å›(ã€ŒNintendo Labo ãƒ‰ãƒ©ã‚¤ãƒ–ã‚­ãƒƒãƒˆã€ã»ã‹),2018-09-05T01:00:03Z,144685,707,60,11.78
vh04binv1bQ,MINECON Earth 2018 - The Minecraft Developers panel!,2018-10-02T17:00:04Z,85135,2727,67,40.7
RAv_kmD4pRg,ã€Œã‚ˆã‚ã“ã®ã‚¹ãƒ—ãƒ©ãƒˆã‚¥ãƒ¼ãƒ³ã§ãƒŒãƒªãƒŒãƒªç”Ÿæ´»ã€ã‚ˆã‚ã“ vs è¦ªå­ [Nintendo Live 2018],2018-11-27T10:22:19Z,109483,564,31,18.19
km99Tg1aLXA,Highlight FFQ vs CR [VCS MÃ¹a HÃ¨ 2018][21.06.2018][VÃ¡n 1],2018-06-21T15:11:11Z,97908,585,17,34.41
WfXGA_iyGR8,Kof Mugen Rugal Team VS Super Punch Team!,2018-12-13T00:23:13Z,25006,689,47,14.66
OHwzzssf-c0,ãƒ‹ãƒ£ãƒ‹ãƒ£ãƒ‹ãƒ£! ãƒã‚³ãƒãƒªã‚ªã‚¿ã‚¤ãƒ  ç¬¬125å›(ã€Œã‚¹ãƒ¼ãƒ‘ãƒ¼ ãƒãƒªã‚ªãƒ‘ãƒ¼ãƒ†ã‚£ã€ã»ã‹),2018-10-17T01:00:10Z,447563,1360,156,8.72
RncvtoG-bcg,ã€å…¬å¼ã€‘ãƒã‚±ãƒ¢ãƒ³ã€€ãƒ¢ãƒ³ã‚³ãƒ¬ã‚¹ãƒˆãƒ¼ãƒªãƒ¼ã€€ï¼ƒ7Â Â Â  ãƒã‚±ãƒ¢ãƒ³ã‚¹ã‚¯ãƒ¼ãƒ«ã«ã‚¼ãƒ©ã‚ªãƒ©ãŒã‚„ã£ã¦ããŸï¼,2018-06-15T06:29:05Z,453677,,,
VAY8Wt9pBkM,ã€å…¬å¼ã€‘ã‚¤ãƒ¼ãƒ–ã‚¤ vs ãƒ”ã‚«ãƒãƒ¥ã‚¦å‹ã¤ã®ã¯ã©ã£ã¡ï¼Ÿ ç¨®ç›®ï¼šãã‚‹ãã‚‹ãƒãƒƒãƒˆ,2018-08-03T06:32:50Z,332304,,,
JPngtzn_UYo,Nintendo Labo: Vehicle Kit + Mario Kart 8 Deluxe,2018-08-24T20:09:40Z,2307549,14061,1848,7.61
OBavQhfoWQw,ã€Œã‚ˆã‚ã“ã®ã‚¹ãƒãƒ–ãƒ©ã§å¤§ä¹±é—˜ç”Ÿæ´»ã€ã‚ˆã‚ã“ vs è¦ªå­ [Nintendo Live 2018],2018-11-27T10:22:19Z,317657,1472,117,12.58
vkR2A-DKpk8,SiÃªu sá»± kiá»‡n Phi Äá»™i KhÃ´ng Gian | Pandora of Legends - Báº£n tin LMHT [Sá»‘ 3],2018-09-14T11:38:53Z,29996,794,19,41.79
x4CeAqNr_Gg,ã€å…¬å¼ã€‘ãŸã£ã·ã‚Š30åˆ†é€£ç¶š ãƒã‚±ãƒ¢ãƒ³ã®ã†ãŸè©°ã‚åˆã‚ã› ï¼ˆãƒã‚±ãƒ¢ãƒ³ã ã„ã™ãã‚¯ãƒ©ãƒ–ï¼‰,2018-09-13T07:00:07Z,4135398,,,
fM_XX7LSO3E,PUBG Funny WTF Moments Highlights Ep 187 (playerunknown's battlegrounds Plays),2018-02-10T23:25:08Z,209891,2657,108,24.6
MWMPW4X3bQs,Disney PIXAR: LEGO The Incredibles Announcement Trailer - Nintendo Switch,2018-03-28T13:00:02Z,13678126,51421,16204,3.17
KMi8RBCQv9E,Star Wars: Galaxy of Heroes - Legend of the Old Republic,2018-10-23T20:24:47Z,74867,1918,153,12.54
HuwqoTe836s,Detective Pikachu: Get Ready to Crack the Case! - Nintendo 3DS,2018-02-23T01:02:23Z,1382617,15894,1747,9.1
2xYfcilxRA0,ã€å…¬å¼ã€‘ãƒã‚±ãƒ¢ãƒ³ã€€ãƒ¢ãƒ³ã‚³ãƒ¬ã‚¹ãƒˆãƒ¼ãƒªãƒ¼ã€€â™¯4ã€€ãƒã‚±ãƒ‡ãƒ«ã‚¼é¸æ‰‹æ¨©,2018-03-30T04:00:00Z,1185835,,,
cCwA5TXn_DQ,ãƒ‹ãƒ£ãƒ‹ãƒ£ãƒ‹ãƒ£! ãƒã‚³ãƒãƒªã‚ªã‚¿ã‚¤ãƒ  ç¬¬107å›(ã€Œãƒãƒªã‚ªï¼‹ãƒ©ãƒ“ãƒƒãƒ„ ã‚­ãƒ³ã‚°ãƒ€ãƒ ãƒãƒˆãƒ«ã€ã»ã‹),2018-01-31T01:00:11Z,384884,930,126,7.38
eGGKxLWPrPo,áƒ—áƒáƒœáƒáƒ¡áƒ˜ vs áƒ›áƒáƒ¢áƒáƒ áƒ”áƒ‘áƒ”áƒšáƒ˜ áƒ áƒ áƒ›áƒáƒ®áƒ“áƒ”áƒ‘áƒ ? - GTA 5 áƒ¥áƒáƒ áƒ—áƒ£áƒšáƒáƒ“ / Thanos vs train GTA 5 qartulad,2018-10-25T14:27:47Z,70646,1402,61,22.98
PZjRMMLg1d8,ãƒ‹ãƒ£ãƒ‹ãƒ£ãƒ‹ãƒ£! ãƒã‚³ãƒãƒªã‚ªã‚¿ã‚¤ãƒ  ç¬¬118å›(ã€Œé€²ã‚!ã‚­ãƒãƒ”ã‚ªéšŠé•·ã€ã»ã‹),2018-07-04T01:00:12Z,185097,697,62,11.24
an4OFihfyT8,ã€ã‚°ãƒ©ãƒ–ãƒ«ã€‘åå¤©è¡†ã‚¯ãƒªã‚¹ãƒã‚¹ãƒœã‚¤ã‚¹ã€4å¹´ç›®ã€‘,2018-12-25T15:04:36Z,11102,136,0,
3tVTZmdOF6c,ã‚¹ãƒ—ãƒ©ãƒˆã‚¥ãƒ¼ãƒ³2 ã‚ªã‚¯ãƒˆãƒ»ã‚¨ã‚­ã‚¹ãƒ‘ãƒ³ã‚·ãƒ§ãƒ³ ãƒ—ãƒ¬ã‚¤æ˜ åƒ #01ãƒ’ãƒ«ã‚ºã‚¾åŒºé§…,2018-04-30T09:00:00Z,498477,6130,116,52.84
w7N06mYAELU,ãƒ‹ãƒ£ãƒ‹ãƒ£ãƒ‹ãƒ£! ãƒã‚³ãƒãƒªã‚ªã‚¿ã‚¤ãƒ  ç¬¬121å›(ã€Œãƒ¡ã‚¤ãƒ‰ ã‚¤ãƒ³ ãƒ¯ãƒªã‚ª ã‚´ãƒ¼ã‚¸ãƒ£ã‚¹ã€ã»ã‹),2018-08-22T01:04:30Z,222837,1119,107,10.46
mfeWlFOyOGo,Go Vacation - The Vacation Starts Now! - Nintendo Switch,2018-07-27T13:00:10Z,2865351,4769,1350,3.53
-yIMQ-PhZZs,Kof Mugen N.E.S.T.S Boss Team VS God Team,2018-01-30T00:51:40Z,152137,2000,152,13.16
fFwFiGL-rh4,ã€å…¬å¼ã€‘ã‚¤ãƒ¼ãƒ–ã‚¤ vs ãƒ”ã‚«ãƒãƒ¥ã‚¦å‹ã¤ã®ã¯ã©ã£ã¡ï¼Ÿ ç¨®ç›®ï¼šPK,2018-08-03T06:36:48Z,2108775,,,
cZLbrellga0,Beast Quest â€“ Features Trailer | PS4,2018-02-06T23:59:09Z,75822,1147,136,8.43
w9M9CkvN5bM,áƒ•áƒ™áƒšáƒáƒ•áƒ— áƒ¢áƒ áƒ”áƒ•áƒáƒ áƒ¡ - GTA 5 áƒ¤áƒ˜áƒœáƒáƒšáƒ˜ áƒ¥áƒáƒ áƒ—áƒ£áƒšáƒáƒ“ - gta 5 trevor kill qartulad,2018-03-15T16:37:43Z,33612,913,26,35.12
_h1fMg6nbjg,ã‚ˆã‚ã“ã®ãƒãƒªã‚ªãƒ†ãƒ‹ã‚¹ã§ã‹ã‘ã²ãç”Ÿæ´» [Nintendo Live 2018],2018-11-06T12:33:45Z,603444,1332,137,9.72
KrLpTD2nh7w,OvercookedÂ® 2 - ã‚ªãƒ¼ãƒãƒ¼ã‚¯ãƒƒã‚¯ï¼’ [Indie World 2018.12.27],2018-12-27T06:00:05Z,70340,97,13,7.46
XopQBfMnyBI,Nintendo Labo & Mario Kart 8 Deluxe - Now Compatible!,2018-06-26T01:00:01Z,1487210,15991,688,23.24
lj3ap0puhu4,Who Inspired the New Nintendo 2DS XL Pikachu Edition?,2018-02-13T18:00:04Z,4129107,14366,5659,2.54
0sKoGikWpyg,ãƒ‹ãƒ£ãƒ‹ãƒ£ãƒ‹ãƒ£ ãƒã‚³ãƒãƒªã‚ªã‚¿ã‚¤ãƒ  ç¬¬116å›(ã€Œãƒãƒªã‚ªãƒ†ãƒ‹ã‚¹ ã‚¨ãƒ¼ã‚¹ã€ã»ã‹),2018-06-07T04:42:07Z,161447,380,45,8.44
pKTDbvHJOC0,Play Great Games Together - Nintendo Switch,2018-05-07T16:00:05Z,2809105,13545,1101,12.3
R7EB9vaPzis,ã‚¹ãƒ—ãƒ©ãƒˆã‚¥ãƒ¼ãƒ³2 ã‚ªã‚¯ãƒˆãƒ»ã‚¨ã‚­ã‚¹ãƒ‘ãƒ³ã‚·ãƒ§ãƒ³ ãƒ—ãƒ¬ã‚¤æ˜ åƒ #03ãƒŠã‚¿ãƒ‡é«˜æ ¡é§…,2018-05-15T09:00:03Z,277777,3265,67,48.73
IRtinEGqXuU,ãƒ‹ãƒ£ãƒ‹ãƒ£ãƒ‹ãƒ£! ãƒã‚³ãƒãƒªã‚ªã‚¿ã‚¤ãƒ  ç¬¬120å›(ã€Œãƒ¡ã‚¤ãƒ‰ ã‚¤ãƒ³ ãƒ¯ãƒªã‚ª ã‚´ãƒ¼ã‚¸ãƒ£ã‚¹ã€ã»ã‹),2018-10-22T07:43:00Z,111560,330,39,8.46
tIIW2FvLUWg,Luigiâ€™s Mansion - â€œGooigiâ€ Trailer - Nintendo 3DS,2018-11-19T17:01:37Z,1616808,7960,997,7.98
7N8CzaEixu0,Captain Toad: Treasure Tracker for Nintendo Switch Co-op Game Play - Nintendo Minute,2018-07-06T22:00:01Z,532488,3167,526,6.02
sbQOzHwV7Y8,ã€å…¬å¼ã€‘ã‚¤ãƒ¼ãƒ–ã‚¤ vs ãƒ”ã‚«ãƒãƒ¥ã‚¦å‹ã¤ã®ã¯ã©ã£ã¡ï¼Ÿ ç¨®ç›®ï¼šèµ°ã‚Šå¹…è·³ã³,2018-08-03T06:36:19Z,324156,,,
akohTFyGu88,Nintendo Direct: E3 2018,2018-06-12T16:44:30Z,1504929,29683,4431,6.7
k7fbAwMX24o,ã‚¹ãƒ—ãƒ©ãƒˆã‚¥ãƒ¼ãƒ³2 ãƒ†ãƒ³ã‚¿ã‚¯ãƒ«ã‚ºamiibo ç™ºå£²æ±ºå®š!,2018-02-11T08:11:29Z,603502,7056,164,43.02
9Ki2gK9gfj4,"Captain Toad: Treasure Tracker - Play Together Anytime, Anywhere - Nintendo Switch",2018-07-02T15:00:02Z,489287,3888,168,23.14
nzx599-sFLU,UNDERTALE [Nintendo Direct 2018.3.9],2018-03-08T22:35:22Z,380255,7161,126,56.83
TZXNf2-NuzE,ã€å…¬å¼ã€‘ã‚¤ãƒ¼ãƒ–ã‚¤ vs ãƒ”ã‚«ãƒãƒ¥ã‚¦å‹ã¤ã®ã¯ã©ã£ã¡ï¼Ÿ ç¨®ç›®ï¼šãƒãƒ£ãƒ³ãƒãƒ©ç´™é¢¨èˆ¹å‰²ã‚Š,2018-08-03T06:31:01Z,1162586,,,
L56q_k2ydrs,"PokÃ©mon: Letâ€™s Go, Pikachu! and PokÃ©mon: Letâ€™s Go, Eevee! - Nintendo Switch",2018-10-30T21:23:09Z,9120609,29432,6141,4.79
ygLqvXf6mUo,SEGA Mega Drive & Genesis Classics - Announcement Trailer - Nintendo Switch,2018-09-18T18:33:19Z,210109,6656,156,42.67
iXSLjvNOT1A,ğŸ˜³ **musÃ­Å¡ vidÄ›t** NEMOCNICE V MINECRAFTU... NOOB SE STAL DOKTOREM! ğŸ˜‚,2018-03-31T08:30:04Z,230635,7310,308,23.73
YTHsHQYZuyc,"PokÃ©mon: Letâ€™s Go, Pikachu! and PokÃ©mon: Letâ€™s Go, Eevee! - Gameplay - Nintendo Treehouse: Live",2018-11-02T01:25:37Z,662632,5669,747,7.59
G_RxWylqxKA,Newã‚¹ãƒ¼ãƒ‘ãƒ¼ãƒãƒªã‚ªãƒ–ãƒ©ã‚¶ãƒ¼ã‚ºU ãƒ‡ãƒ©ãƒƒã‚¯ã‚¹ [Nintendo Direct 2018.9.14],2018-09-13T22:40:50Z,1965822,4500,615,7.32
LpTt9O1htOI,[Biáº¿t Chá»n GÃ¬ ÄÃ¢y Tuáº§n 8] Triá»‡u há»“i HoÃ ng LuÃ¢n!,2018-08-24T12:11:31Z,167413,3013,49,61.49
j5yibjvpJJw,"Super Mario 3D Land, Kirby Triple Deluxe & More to Explore! - Nintendo 3DS",2018-09-08T00:00:06Z,756257,5289,524,10.09
vzwW-puQi9c,GRID Autosport - Announcement Trailer - Nintendo Switch,2018-12-03T17:44:41Z,95071,3176,78,40.72
QxV_c2SeRWw,ã€å…¬å¼ã€‘ã‚¤ãƒ¼ãƒ–ã‚¤ vs ãƒ”ã‚«ãƒãƒ¥ã‚¦å‹ã¤ã®ã¯ã©ã£ã¡ï¼Ÿ ç¨®ç›®ï¼šå¤§ç‰è»¢ãŒã—,2018-08-03T06:35:48Z,418621,,,
PIN_uU_qrXg,PUBG Daily Funny WTF Moments Highlights Ep 386,2018-09-18T17:31:15Z,84631,1368,33,41.45
GUlFKFhS-TE,ã€å…¬å¼ã€‘PokÃ©mon GO - ä»Šã€å‘¼ã³è¦šã¾ã•ã‚Œã‚‹åºƒå¤§ãªæ–°ä¸–ç•Œã¸ï¼ ã‚·ãƒ³ã‚ªã‚¦åœ°æ–¹ã®ãƒã‚±ãƒ¢ãƒ³ç™»å ´ï¼,2018-10-17T01:00:00Z,324291,,,
y8vyeATpP-8,ã‚ˆã‚ã“ã®ARMSã§ã®ã³ãƒ¼ã‚‹ç”Ÿæ´» [Nintendo Live 2018],2018-11-06T12:33:45Z,935412,1718,190,9.04
c934BIioVVI,Fortnite Season 6 Battle Pass on Nintendo Switch - Now with Pets!,2018-09-27T14:00:06Z,472889,5647,448,12.6
IaPiKLpwfCs,GTA 5 áƒ¡áƒáƒ˜áƒ“áƒ£áƒ›áƒšáƒáƒ”áƒ‘áƒ”áƒ‘áƒ˜ - áƒ£áƒªáƒ®áƒáƒáƒšáƒáƒœáƒ”áƒ¢áƒ”áƒšáƒ”áƒ‘áƒ˜ áƒ§áƒ•áƒ”áƒšáƒ’áƒáƒœ áƒáƒ áƒ˜áƒáƒœ !,2018-02-14T15:49:41Z,51846,1085,31,35
BQNWORoYZXI,Bayonetta 2 Short Trailer - Nintendo Switch,2018-02-02T00:51:49Z,790470,9005,317,28.41
9pjottOw5Ik,ã€å…¬å¼ã€‘ã‚¤ãƒ¼ãƒ–ã‚¤ vs ãƒ”ã‚«ãƒãƒ¥ã‚¦å‹ã¤ã®ã¯ã©ã£ã¡ï¼Ÿ ç¨®ç›®ï¼šãƒªãƒ¬ãƒ¼ç«¶èµ°,2018-08-03T06:30:26Z,4468140,,,
CNpzJNuhFvs,PUBG Daily Funny WTF Moments Highlights Ep 440,2018-11-15T21:01:40Z,77783,1227,34,36.09
8o36DVbcoEA,Fallout Shelter - Nintendo Switch Trailer - Nintendo E3 2018,2018-06-11T21:24:28Z,332220,8221,642,12.81
IuLpP5EGOX0,Gáº·p nhau háº¿t nÄƒm: HUYá»€N THOáº I Äáº I CHIáº¾N | SAJ X VETV,2018-02-15T14:30:01Z,728506,4956,259,19.14
f9vAGGzHu2U,[Biáº¿t chá»n gÃ¬ Ä‘Ã¢y?] Tuyá»ƒn thá»§ ngoáº¡i quá»‘c táº¡i VCS?,2018-09-04T14:06:57Z,128070,2163,46,47.02
12YYytb3i6w,Fortnite | PLAYGROUND - NEW LIMITED TIME MODE - Nintendo Switch,2018-07-03T17:10:15Z,506288,10056,587,17.13
D0lEzOVKHlY,áƒ›áƒ«áƒ˜áƒœáƒáƒ áƒ” áƒ›áƒ”áƒ–áƒáƒ‘áƒ”áƒšáƒ¡ áƒ’áƒáƒ•áƒ”áƒáƒáƒ áƒ” - Hello Neighbor (ACT 1),2018-02-17T14:29:58Z,435278,3953,292,13.54
OrANEzCv78s,KOF Mugen Infernal Team VS SÃºper Blood Team,2018-06-04T23:01:34Z,271027,3288,246,13.37
wdO7QXAgsI8,ãƒ‹ãƒ£ãƒ‹ãƒ£ãƒ‹ãƒ£! ãƒã‚³ãƒãƒªã‚ªã‚¿ã‚¤ãƒ  ç¬¬119å›(ã€Œé€²ã‚!ã‚­ãƒãƒ”ã‚ªéšŠé•·ã€ã»ã‹),2018-07-18T01:00:23Z,355126,1068,142,7.52
sOWHkQvpUfc,KOF Mugen Blood Surge-Corpse VS Rugal Team,2018-04-09T04:26:44Z,179708,1617,191,8.47
smyCSAGv_a0,Wolfenstein II: The New Colossus ã‚¢ãƒŠã‚¦ãƒ³ã‚¹ãƒˆãƒ¬ãƒ¼ãƒ©ãƒ¼ [Nintendo Switch],2018-04-25T01:01:43Z,121056,780,39,20
Iowa07ISMxA,ã€B!KZOè¦–ç‚¹ã€‘æœ€å¤§ã®æ•µã¯å‘³æ–¹ï¼ï¼Ÿãƒãƒªã‚«è»ï½–ï½“ãƒã‚±ã‚«è»ï¼å®Ÿæ³è€…ãƒ•ãƒ¬æˆ¦1GPç›®ã€ãƒãƒªã‚ªã‚«ãƒ¼ãƒˆï¼˜ï¼¤ï¼¸ã€‘,2018-11-28T21:58:22Z,92673,880,63,13.97
eenNFBAumUE,ã‚ˆã‚ã“ã®ã‚¹ãƒãƒ–ãƒ©ã§å¤§ä¹±é—˜ç”Ÿæ´» [Nintendo Live 2018],2018-11-06T12:33:45Z,1314692,5230,787,6.65
lnUcpFC-uMQ,YayÄ±ndan Derlemeler #13,2018-10-11T16:09:01Z,98145,4471,88,50.81
o3pDFLcef-U,Captain Toad Treasure Tracker - Co-op Trailer - Nintendo Switch,2018-07-20T16:00:03Z,108617,2276,195,11.67
gssphyPVFnQ,#Ø§Ù†Ø³ØªÙ‚Ø±Ø§Ù…ÙŠØ§Øª1/Ø§Ù‚ÙˆÙ‰ Ù…Ù‚Ø§Ø·Ø¹ Ù…Ø¶Ø­ÙƒØ© Ù„ÙÙˆØ±Øª Ù†Ø§ÙŠØªğŸ˜‚| Ù„Ø§ØªÙÙˆØªÙƒÙ…ğŸ’•fortnite,2018-05-24T16:44:23Z,729922,24904,2881,8.64
tRgfqUCg4TY,FNC vs. IG (Bo5) | Chung Káº¿t CKTG 2018,2018-11-03T11:33:30Z,1900439,12823,634,20.23
1PZFwtCiFF8,Octopath Traveler - Accolades Trailer - Nintendo Switch,2018-07-20T13:00:01Z,68297,2214,87,25.45
jEvdMcVL33g,C9 vs. FNC (Bo5) | BÃ¡n Káº¿t CKTG 2018,2018-10-28T11:40:34Z,1557460,7870,303,25.97
JGdKX1nNjUg,"SUPER BOMBERMAN R PS4Â® ,Xbox One,Steam (PC) Promotion Trailer (ESRB)",2018-03-16T08:00:47Z,224114,771,68,11.34
OIUMma5xh3w,amiibo Ã— ã‚¹ãƒ—ãƒ©ãƒˆã‚¥ãƒ¼ãƒ³2 ç´¹ä»‹æ˜ åƒ [ã‚¿ã‚³ã‚¬ãƒ¼ãƒ«/ã‚¿ã‚³/ã‚¿ã‚³ãƒœãƒ¼ã‚¤],2018-10-11T09:07:33Z,376312,3557,126,28.23
_CtTc3DoVRU,Oyun GÃ¼nÃ¼ - YayÄ±ndan Derlemeler #23,2018-11-25T11:00:11Z,67132,3167,73,43.38
zB7wMADR51s,ã€å…¬å¼ã€‘ã€ãƒãƒƒæ‹³ DXã€ãƒãƒˆãƒ«ãƒã‚±ãƒ¢ãƒ³ç´¹ä»‹ã€Œã‚«ãƒ¡ãƒƒã‚¯ã‚¹ã€,2018-03-23T02:00:03Z,80037,,,
hKU6c168ne8,FFQ vs. ADN (Bo5) || Playoff Round 2 || VCS Summer 2018,2018-09-09T13:48:21Z,1223953,7100,278,25.54
9cmtLp-0waA,Upexay vs. HaxSHW,2018-07-12T15:18:14Z,27960,1623,14,115.93
-Q9jwoKd9IE,ã€å…¬å¼ã€‘ãƒã‚±ãƒ¢ãƒ³ã‚«ãƒ¼ãƒ‰ã‚²ãƒ¼ãƒ ã€Œè¿…é›·ã‚¹ãƒ‘ãƒ¼ã‚¯ã€ï¼†ã€Œè£‚ç©ºã®ã‚«ãƒªã‚¹ãƒã€ ç´¹ä»‹æ˜ åƒ,2018-06-29T11:30:44Z,660219,,,
MsSN5J3vrXM,Fortnite Season 7 on Nintendo Switch - Take to the Skies!,2018-12-06T15:00:04Z,3819665,9299,1310,7.1
kd49A-X8GJw,Minecraft Servers: Let the Games Begin!,2018-02-20T14:59:34Z,2378874,13333,530,25.16
XOVrVfNYDNc,PUBG Daily Funny WTF Moments Highlights Ep 465,2018-12-13T20:39:23Z,77928,1275,46,27.72
fMItKmIU-QE,Detroit: Become Human Demo â€“ Play It Now! | PS4,2018-05-02T18:35:36Z,282793,1850,59,31.36
3B5hJRx4_h8,ãƒãƒªã‚ªãƒ†ãƒ‹ã‚¹ ã‚¨ãƒ¼ã‚¹ ãƒ‡ã‚£ãƒ‡ã‚£ãƒ¼ã‚³ãƒ³ã‚°å‚æˆ¦!,2018-08-21T07:59:49Z,56057,379,20,18.95
G3Slw2CY72E,Rise & Shine - Launch Trailer - Nintendo Switch,2018-09-27T16:00:02Z,56534,1175,80,14.69
JnKhirq8vXg,ÙÙˆØ±Øª Ù†Ø§ÙŠØª : Ø³Ø¹ÙˆØ¯ ÙˆÙ…Ø¨Ø§Ø±Ùƒ ØºÙŠØ±Ùˆ Ø§Ù„ØªØ­Ø¯ÙŠ ÙØ¬Ø£Ø© !! | Ø´ÙˆÙÙˆØ§ ÙˆØ´ ØµØ§Ø±!! | Fortnite,2018-11-14T12:16:03Z,523793,7153,704,10.16
c_uufGDuRvo,GTA 5 áƒ¡áƒáƒ˜áƒ“áƒ£áƒ›áƒšáƒáƒ”áƒ‘áƒ”áƒ‘áƒ˜ - áƒ•áƒ˜áƒœ áƒáƒ áƒ˜áƒ¡ áƒ“áƒáƒ›áƒáƒ áƒ®áƒ£áƒšáƒ˜ áƒ¡áƒ˜áƒœáƒáƒ›áƒ“áƒ•áƒ˜áƒšáƒ”áƒ¨áƒ˜?,2018-03-18T15:57:58Z,46551,1244,41,30.34
DijHFfSPQmk,ã‚¹ãƒ—ãƒ©ãƒˆã‚¥ãƒ¼ãƒ³2 ã‚ªã‚¯ãƒˆãƒ»ã‚¨ã‚­ã‚¹ãƒ‘ãƒ³ã‚·ãƒ§ãƒ³ ãƒ—ãƒ¬ã‚¤æ˜ åƒ #04ãƒ›ãƒ³ã‚«ãƒ»ã‚¯ãƒãƒ¥ãƒ¼å·é§…,2018-05-22T10:20:25Z,203575,2054,49,41.92
QfHFoSAq4b4,Fortnite | Battle Pass Introduction & Overview Trailer - Nintendo Switch,2018-07-12T14:51:49Z,1050832,4921,705,6.98
_O74iavXlLc,Just Dance 2019 - Dance to Your Own Beat - Nintendo Switch,2018-10-26T21:28:38Z,314637,3281,305,10.76
9M0twbLlIsM,Fortnite Creative - Announcement Trailer - Nintendo Switch,2018-12-06T01:03:11Z,231339,7419,1217,6.1
SgpU3C_GdjY,[ë¡œìŠ¤íŠ¸ì•„í¬] ë°”ë“œ - ì´ ì•„ë¦„ë‹¤ìš´ ì„ ìœ¨ì€ í”¼ë°”ë‹¤ê°€ ë  ì „ì¥ì˜ ì „ì£¼ê³¡ì´ì—ìš”. (LOST ARK CLASS - Bard),2018-10-29T01:58:29Z,210467,119,5,23.8
XtEF0LMH93U,PUBG Daily Funny WTF Moments Highlights Ep 255,2018-04-27T20:52:28Z,141861,2196,77,28.52
YfEu6tWyiZc,NES Controller Overview - Nintendo Switch Online,2018-12-17T19:00:03Z,446743,9411,7064,1.33
HgSVr5VbA6Y,Fortnite | Season 5 Announcement Trailer - Nintendo Switch,2018-07-12T14:51:16Z,1748389,9635,1213,7.94
t7gfXlTCWLc,ã€å…¬å¼ã€‘ãƒã‚±ãƒ¢ãƒ³ã€€ãƒ¢ãƒ³ã‚³ãƒ¬ã‚¹ãƒˆãƒ¼ãƒªãƒ¼ã€€â™¯1ã€€ãƒ”ã‚«ãƒãƒ¥ã‚¦ã®å¤§è¡Œé€²ãƒãƒ¥ã‚¦,2018-03-30T04:00:07Z,109657,,,
O-tdRvgA49w,RNG vs KZ (Bo5) - Chung Káº¿t MSI 2018,2018-05-20T15:32:41Z,2184613,8988,640,14.04
1H1toQFaZww,FIFA Mobile New Season: Official Launch Trailer,2018-11-07T18:48:58Z,885770,19259,1043,18.47
xZY8lq2JLXQ,áƒáƒ®áƒáƒšáƒ˜ áƒ›áƒáƒœáƒ¥áƒáƒœáƒ”áƒ‘áƒ˜ GTA 5 áƒ¨áƒ˜ áƒ¥áƒáƒ áƒ—áƒ£áƒšáƒáƒ“ - BMW M3 / GEOPOLICE manqebis modi gta 5 qartulad,2018-02-21T12:01:54Z,62872,1470,56,26.25
IfOw71YWi2Y,Fortnite | Battle Pass Season 5 Trailer - Nintendo Switch,2018-07-12T14:51:33Z,1555927,8646,818,10.57
2_ZHE_Z_8cA,ã€å…¬å¼ã€‘ã‚¤ãƒ¼ãƒ–ã‚¤ vs ãƒ”ã‚«ãƒãƒ¥ã‚¦å‹ã¤ã®ã¯ã©ã£ã¡ï¼Ÿ ç¨®ç›®ï¼šãƒãƒ¼ãƒ‰ãƒ«èµ°,2018-08-03T06:34:25Z,5284583,,,
qCiL77tKUeA,PUBG Daily Funny WTF Moments Highlights Ep 400,2018-10-03T17:15:10Z,120727,1716,83,20.67
Fq11P_9RCRk,MI-AM STERS DIN GREÈ˜EALÄ‚ LUMEA RATONILOR ! ğŸ˜­,2018-05-29T11:53:16Z,18006,1666,40,41.65
p5LFUdGPXT8,Construction Simulator 2 US - Console Edition - Release Trailer | PS4,2018-09-13T01:00:04Z,114720,1800,252,7.14
Dz7zqMq9fVQ,ãƒãƒªã‚ªï¼‹ãƒ©ãƒ“ãƒƒãƒ„ ã‚­ãƒ³ã‚°ãƒ€ãƒ ãƒãƒˆãƒ« ã‚¢ãƒ‰ãƒ™ãƒ³ãƒãƒ£ãƒ¼ãƒ‘ãƒƒã‚¯ (è¿½åŠ ãƒ¯ãƒ¼ãƒ«ãƒ‰ãƒˆãƒ¬ãƒ¼ãƒ©ãƒ¼),2018-01-18T01:00:30Z,213931,732,67,10.93
JV7Q-5CTJZc,PUBG Funny WTF Moments Highlights Ep 168 (playerunknown's battlegrounds Plays),2018-01-23T00:12:10Z,171831,2286,95,24.06
cTT1YtqwWTw,ãƒã‚¤ãƒ‹ãƒ³ãƒ†ãƒ³ãƒ‰ãƒ¼ ç´¹ä»‹æ˜ åƒ,2018-05-10T02:22:04Z,115419,494,32,15.44
PKcUa-30wVY,Purge's 7.20 Patch - First Impressions,2018-11-20T10:30:38Z,210873,3025,111,27.25
n5OtoiEDN1E,Jucam doar cu LEGENDARE si cu JETPACK-ul ?! | Fortnite Romania,2018-05-24T14:27:25Z,36793,2609,60,43.48
YF7SIl87IEs,NEUES DIAMANT LAMA IN FORTNITE ğŸ’ Neuer Modus: RAUBZUG,2018-09-07T15:00:08Z,24188,1041,45,23.13
pDV5YJ5NwF8,"Fitness Boxing on Nintendo Switch - Get Moving Anytime, Anywhere",2018-12-26T21:02:35Z,1207385,4143,704,5.88
yFSIWt1qkxc,Detective Pikachu: This is No Ordinary Pikachu! - Nintendo 3DS,2018-03-15T18:16:37Z,1343048,7009,675,10.38
goaVAO6T_n8,ãƒ¨ãƒƒã‚·ãƒ¼ã‚¯ãƒ©ãƒ•ãƒˆãƒ¯ãƒ¼ãƒ«ãƒ‰ [Nintendo Direct 2018.9.14],2018-09-13T22:40:50Z,195230,702,21,33.43
VkXFvLSh2vE,Fortnite Season 6 on Nintendo Switch - Darkness Rises,2018-09-27T14:00:06Z,307049,6071,591,10.27
5l23tlMqhFs,áƒ”áƒ–áƒáƒ¨áƒ˜ áƒ›áƒ™áƒ•áƒšáƒ”áƒšáƒ”áƒ‘áƒ˜ áƒ¨áƒ”áƒ›áƒáƒªáƒ•áƒ˜áƒ•áƒ“áƒœáƒ”áƒœ ! GTA 5 áƒ¥áƒáƒ áƒ—áƒ£áƒšáƒáƒ“ /gta 5 qartulad,2018-07-23T16:26:37Z,40746,914,29,31.52
kUPesjj-IKc,Sports Party - Launch Trailer - Nintendo Switch,2018-10-31T18:00:05Z,272234,1662,736,2.26
S3vwfdxpBdE,50H STREAM CHARYTATYWNY! #FantasyPomaga,2018-12-10T00:07:51Z,625430,30619,234,130.85
MXaZP5PkScE,ÙÙˆØ±Øª Ù†Ø§ÙŠØª : Ù†Ù‡Ø§ÙŠØ© ØºÙŠØ± Ù…ØªÙˆÙ‚Ø¹Ø© Ù…Ø³ØªØ­ÙŠÙ„ Ø§Ù„ÙŠ ØµØ§Ø± !! | Ø£Ø³Ù„Ø­Ø© Ø°Ù‡Ø¨ÙŠØ© ÙˆØ²Ø±Ù‚Ø§Ø¡ Ø¨Ø³ | Fortnite,2018-11-19T16:14:03Z,104922,3217,213,15.1
9W7mG9XdhqI,ã€å…¬å¼ã€‘ãƒã‚±ãƒ¢ãƒ³ã‚«ãƒ¼ãƒ‰ã‚²ãƒ¼ãƒ ã€ŒGXã‚¦ãƒ«ãƒˆãƒ©ã‚·ãƒ£ã‚¤ãƒ‹ãƒ¼ã€ ç´¹ä»‹æ˜ åƒ,2018-10-25T04:00:01Z,199532,,,
DrlohkvQQVk,Trá»±c Tiáº¿p VÃ²ng Chung Káº¿t Hyperplay Viá»‡t Nam - BÃ¡n Káº¿t: DSV vs SSD | MG vs SGD.,2018-06-17T11:24:59Z,487067,2317,122,18.99
G3pF19OvwuE,ã‚¹ãƒ¼ãƒ‘ãƒ¼ ãƒãƒªã‚ªãƒ‘ãƒ¼ãƒ†ã‚£ [Nintendo Direct 2018.9.14],2018-09-13T22:40:49Z,93931,317,28,11.32
t2MbclhRzmg,Nintendo Switch Online - Overview Trailer - Nintendo Switch,2018-09-13T22:20:14Z,1768103,21975,90646,0.24
GyNjqKYzDb4,ã€å…¬å¼ã€‘PokÃ©mon GO - ã¾ã‚‚ãªãã‚·ãƒ³ã‚ªã‚¦åœ°æ–¹ã§ç™ºè¦‹ã•ã‚ŒãŸãƒã‚±ãƒ¢ãƒ³ãŒç™»å ´ï¼,2018-10-10T03:00:04Z,264193,,,
PNjUp6DDNkY,WHEELIE CON EL VW BEETLE!! El Bvochido! | FORZA HORIZON 4 #25 | DEWRON,2018-10-21T14:30:00Z,21141,760,12,63.33
ywZqSzseVFg,Consumer Service: How to Get Started with a Nintendo Switch Online Family Membership,2018-12-21T00:49:50Z,148929,3039,5275,0.58
Jw9vjzZwONs,Ù†ØµØ§Ø¦Ø­ Ø±Ø§Ø­ ØªØ®Ù„ÙŠÙƒ Ù…Ø­ØªØ±Ù Ø¨ÙÙˆØ±ØªÙ†Ø§ÙŠØª Ø§Ù„Ø¬Ø²Ø¡ Ø§Ù„Ø®Ø§Ù…Ø³ğŸ”¥ fortnite (Ù‚Ù„ØªØ´ Ø§Ù„Ù„Ø§Ù†Ø´ Ø¨Ø§Ø¯ ),2018-10-17T12:09:14Z,204785,10325,737,14.01
uRaPtofn91c,PUBG Daily Funny WTF Moments Highlights Ep 267,2018-05-11T19:30:00Z,175883,2266,104,21.79
fSl69626Hcg,ÙÙˆØ±Øª Ù†Ø§ÙŠØª : Ù„Ø§Ø§Ø§ ØªÙƒÙÙ‡ | Ø§Ø°Ø§ Ø°Ø¨Ø­Øª Ø´Ø®Øµ Ø§Ø±Ù…ÙŠ Ø£Ù‚ÙˆÙ‰ Ø³Ù„Ø§Ø­ Ø¹Ù†Ø¯ÙŠ !! | Fortnite,2018-12-01T14:09:26Z,170860,4142,350,11.83
ReBWrK9ihNE,KOF Mugen Dios Supremo! Gold Orochi VS Hyper Bosses,2018-06-13T02:38:30Z,295598,4225,925,4.57
dazr_FylNEI,KOF Mugen Chang Yagami,2018-07-01T22:57:51Z,23296,401,56,7.16
vv1Qe6pJz4g,Ora Masalah Voc   Anggun Cantika hasoe angels liquid jogja,2018-11-23T11:28:21Z,18137,47,2,23.5
YVWgO9-KC1w,"Fortnite, Enter the Gungeon & More to Explore! - Nintendo Switch",2018-08-07T19:01:34Z,1526675,7594,1224,6.2
fRkmzjHnjWM,TRáº¬N TRANH 3/4 giáº£i Ä‘áº¥u E-WORLD CUP CHAMPIONSHIP,2018-07-14T06:40:59Z,25625,156,12,13
EJ2P1uP8kQ0,SQUAD YOUTUBER (MENANG) LAWAN MICHAEL SOUW !! GG PARAH !!,2018-07-11T06:00:00Z,96602,3157,70,45.1
LG-bqybfONY,EL MEJOR MAPA? ES PERFECTO! | FORZA HORIZON 4 | DEWRON,2018-09-16T16:00:02Z,26156,1456,32,45.5
VAYv45zCpnA,Stary Sacz rynek na Å¼ywo Webcam HD Kamera 1/2 .,2018-12-29T03:16:06Z,375595,714,164,4.35
Rvp8_YwioFI,Äáº¥u SÃºng Sinh Tá»­: Giáº£i solo Lucian Cao Bá»“i,2018-08-28T10:08:17Z,71990,844,13,64.92
rM63UQj_rpk,OMG vs EDG | Trá»±c tiáº¿p LPL mÃ¹a HÃ¨ 2018,2018-08-13T11:05:21Z,82274,383,9,42.56
aziUqUBjOnc,"KINGTEKA SE PONE RAGE E INSULTA A LOS PERUANOS POR ROBARLE LAS KILLS  ""VAYAN A TRABAJAR"" - DOTA 2",2018-11-10T19:27:24Z,191034,1116,755,1.48
6IsIETP37Cc,How To add bots in Discord || in Hindi,2018-06-01T16:13:21Z,32342,911,194,4.7
lmunGeDYlM8,The Sims FreePlay MissÃ£o: Aventura Redonda|Parte 3,2018-06-20T18:00:03Z,14050,291,11,26.45
YutmM3fqhlw,"SKIN-UL SECRET S-A LANSAT ACUM, REPEDE SA IL LUAM ! | Fortnite #300k",2018-08-24T16:46:21Z,35604,2567,70,36.67
_f8GZtgvd3w,LIVE CU ABONATII SI DONATORII pe Fortnite !,2018-08-13T10:59:54Z,30583,2787,38,73.34
uG8Pb9pltjc,LITE!!! DRAGON BALL Z BUDOKAI TENKAICHI 3 COMPACTADO 500 MB!!!,2018-07-09T20:38:17Z,35302,1172,94,12.47
OUiMP8OfrY0,SNK HEROINES Tag Team Frenzy - Fatal Cutie Terry Bogard Busts In! - Nintendo Switch,2018-08-02T17:00:01Z,438832,8927,767,11.64
XmylLgmKgek,MINECON Earth 2018 - The Reveal of Minecraft Dungeons!,2018-09-30T00:30:00Z,366380,12530,308,40.68
9vER3A8Ac20,Fist of the North Star: Lost Paradise â€“ Kiryu Skin Trailer | PS4,2018-09-13T15:00:01Z,72408,2697,69,39.09
UkfAAa-r_DA,"SÃ³ng giÃ³ mÃ¹a World Cup - Pew Pew, Äá»™ Mixi, Misthy, Tiá»n Zombie, Jun VÅ©, Cris Devil Gamer",2018-06-07T14:11:52Z,10775200,19314,374,51.64
kNw7BLQFgLg,Akali: SÃ¡t Thá»§ ÄÆ¡n Äá»™c | TiÃªu Äiá»ƒm TÆ°á»›ng - LiÃªn Minh Huyá»n Thoáº¡i,2018-07-31T01:48:32Z,1083840,10876,255,42.65
qqYZQigBZ9M,ãƒ™ãƒ¨ãƒãƒƒã‚¿ãƒ»ãƒ™ãƒ¨ãƒãƒƒã‚¿2 ç´¹ä»‹æ˜ åƒ,2018-01-31T01:00:11Z,539102,3815,97,39.33
2dKCWn4HHmM,Kirby Star Allies: Rick & Kine & Coo Are Back! - Nintendo Switch,2018-03-28T16:00:01Z,441495,6589,157,41.97
d6Qg-8_7ngs,ã€å…¬å¼ã€‘ä»Šåº¦ã®ãƒ”ã‚«ãƒãƒ¥ã‚¦ã¯ã²ã¨å‘³é•ã†!? ã€åæ¢åµãƒ”ã‚«ãƒãƒ¥ã‚¦ã€ PV,2018-01-12T14:00:03Z,974385,,,
CXEfJ2qdVW8,ã‚°ãƒ¼ã‚¤ç™»å ´ï¼ˆæ˜Ÿã®ã‚«ãƒ¼ãƒ“ã‚£ã€€ã‚¹ã‚¿ãƒ¼ã‚¢ãƒ©ã‚¤ã‚ºï¼‰,2018-03-26T02:59:47Z,542590,3202,68,47.09
35fVUSeACJM,ãƒªãƒƒã‚¯ï¼†ã‚«ã‚¤ãƒ³ï¼†ã‚¯ãƒ¼ç™»å ´ (æ˜Ÿã®ã‚«ãƒ¼ãƒ“ã‚£ ã‚¹ã‚¿ãƒ¼ã‚¢ãƒ©ã‚¤ã‚º),2018-03-21T03:00:00Z,580878,3618,74,48.89
s2xF24SrWC8,GÃ¡nh Cáº£ Tháº¿ Giá»›i - Osad | LiÃªn Minh Huyá»n Thoáº¡i,2018-06-05T01:35:03Z,3452400,49979,1838,27.19
v5cutMC2Wyw,Layers of Fear: Legacy Trailer - Nintendo Switch,2018-02-23T17:47:44Z,120897,4037,90,44.86
TInLne0Pd8k,PUBG Daily Funny WTF Moments Highlights Ep 463,2018-12-11T20:34:57Z,92598,1537,66,23.29
R8mkWomg8BY,OROCHI YASHIRO VS NUCLEAR RALF,2018-02-23T04:59:35Z,410074,3710,376,9.87
ZF5vWVuKnT0,Kof Mugen Kyouki & FINAL VS Evil Spirit Incarnate! The Scyther,2018-09-27T23:50:55Z,107785,1503,140,10.74
XJzC8Ob8K7c,PUBG Daily Funny WTF Moments Highlights Ep 257,2018-04-30T19:05:49Z,149122,2050,89,23.03
AS7UuHvVocQ,Asa a ajuns CASA noastra din MINECRAFT !,2018-06-22T08:30:01Z,21497,2289,26,88.04
DG6qCIKWN2Q,Iori Yagami Intenta Pasar El Primer Nivel De Super Mario Bros,2018-01-24T20:40:23Z,65652,1267,99,12.8
8wSEaUifhRo,ã€ã‚°ãƒ©ãƒ–ãƒ«ã€‘å››é¨å£«ãƒ›ãƒ¯ã‚¤ãƒˆãƒ‡ãƒ¼ã€ãƒ•ã‚§ãƒ¼ãƒ‰ãƒ©ãƒƒãƒ˜ã€‘,2018-03-14T13:00:00Z,32522,464,1,464
3suvXYen0rY,30+ cÃ¢u há»i vÃ  mÃ n thi Ä‘áº¥u bÃ¡ Ä‘áº¡o cá»§a FFQ [Há» lÃ  ai?] -VCS MÃ¹a HÃ¨ 2018,2018-09-06T09:41:36Z,318520,6142,83,74
_h-mj8QHoLs,Kof Mugen Eputh BLOOD VS KOF Bosses Team! Nuevo SÃºper Blood Boss,2018-09-04T02:48:54Z,17044,446,32,13.94
R7hofSaTMWE,BURÃ‡LAR - Rainbow#9 /w Dezwend - Imbusymom - Salemura,2018-07-02T18:06:01Z,34563,971,32,30.34
iaiWA7WBrSE,ADEVARUL DESPRE BUNKER-UL DIN WAILING WOODS ! *nu o sa crezi*,2018-09-28T13:45:01Z,76048,2823,62,45.53
dsthweqfUlE,Kof Mugen SÃºper Orochi Team VS SÃºper Krizalid Team,2018-10-29T03:22:58Z,17297,481,20,24.05
lwgPp_2P0MM,ØªØ­Ø¯ÙŠ ØªØ°ÙˆÙ‚ Ø§Ù„Ù…Ø´Ø±ÙˆØ¨Ø§Øª Ø§Ù„ØºØ§Ø²ÙŠØ© : Ø¬Ø¨Ù†Ø§ Ø§Ù„Ø¹ÙŠØ¯ ÙÙŠ Ø§Ù„Ø¨ÙŠØª !! Ø´ÙˆÙÙˆØ§ ÙˆØ´ Ø³ÙˆÙŠÙ†Ø§,2018-12-25T08:46:17Z,184189,5394,311,17.34
-3rqprjuzc8,FROGGEN | ANIVIA TERROR - 900 AP+ AND 1200 E DAMAGE !!!,2018-09-13T20:05:49Z,117200,1931,33,58.52
y7SBi8Qy0bs,å¤§èƒ¸ç­‹çŸ¯æ­£ã‚µãƒãƒ¼ã‚¿ãƒ¼ã ã‚ˆ...ï¼ˆãƒ•ãƒ«ãƒãƒ¼ã‚¸ãƒ§ãƒ³ï¼‰,2018-04-29T11:12:21Z,60818,1002,16,62.63
MOhW_917Das,Purge Plays Leshrac,2018-12-16T17:00:02Z,34493,442,12,36.83
OyU7GVh7zZY,PRANK PAKE JAWHEAD & GROCK BIKIN TEAM NANGIS! | PRANK MOBILE LEGENDS ft. ERICKO LIM,2018-06-14T04:45:01Z,533987,7546,714,10.57
QvktM5_C32M,GTA 5 áƒ¡áƒáƒ˜áƒ“áƒ£áƒ›áƒšáƒáƒ”áƒ‘áƒ”áƒ‘áƒ˜ - áƒªáƒ£áƒœáƒáƒ›áƒ˜áƒ¡ áƒ¨áƒ”áƒ›áƒáƒ¢áƒ”áƒ•áƒ,2018-04-09T14:43:46Z,19232,1151,43,26.77
b7oi-ukpnRQ,áƒœáƒáƒ“áƒ˜áƒ áƒáƒ‘áƒ áƒœáƒáƒ›áƒ“áƒ•áƒ˜áƒš áƒ¢áƒ§áƒ˜áƒ¡ áƒ™áƒáƒªáƒ–áƒ” GTA 5 áƒ¥áƒáƒ áƒ—áƒ£áƒšáƒáƒ“ /gta 5 qartulad,2018-03-07T15:54:04Z,60291,1170,33,35.45
0vaNkcr0NV8,Ù…Ø§ÙŠÙ† ÙƒØ±Ø§ÙØª : Ø­Ø±Ø¨ Ø§Ù„Ø³Ø±ÙŠØ± Ø§Ù„Ø·ÙˆØ± Ø§Ù„Ø¬Ø¯ÙŠØ¯ !ØŸ Ø§ÙˆÙ„ ØªØ¬Ø±Ø¨Ø©Ø© Ù„ÙŠ Ø®ÙˆØ±Ø§ÙÙŠÙŠ !ØŸ,2018-05-09T09:52:31Z,164117,19199,266,72.18
pPVFTXCKiy0,Star Wars Battlefront II: Galactic Assault #687 (Republic) [1080 HD],2018-03-28T20:26:46Z,396977,3719,166,22.4
C6wbGR3Zjrc,áƒ¨áƒ”áƒ«áƒšáƒ”áƒ‘áƒ”áƒœ áƒáƒ“áƒáƒ›áƒ˜áƒáƒœáƒ”áƒ‘áƒ˜ áƒ›áƒáƒœáƒ¥áƒáƒœáƒ˜áƒ¡ áƒ¨áƒ”áƒ©áƒ”áƒ áƒ”áƒ‘áƒáƒ¡ ? - GTA 5 áƒ¥áƒáƒ áƒ—áƒ£áƒšáƒáƒ“ / gta 5 qartulad,2018-09-02T15:50:09Z,72071,1425,74,19.26
yiyIMmgh1mI,[ë¡œìŠ¤íŠ¸ì•„í¬] ì¸íŒŒì´í„° - ì˜¤ë¸Œì— ê°€ë“í•œ ë¬´í•œí•œ í˜ì„ ëŠê»´ë¼!  (LOST ARK CLASS - Infighter),2018-10-29T01:58:49Z,211165,133,3,44.33
-EP6XV1BmOk,Xenoblade Chronicles 2: Torna ~ The Golden Country - Announcement Trailer - Nintendo E3 2018,2018-06-12T16:30:03Z,224370,4918,62,79.32
nfRK-3PpF5A,Typoman - Announcement Trailer - Nintendo Switch,2018-02-02T04:00:01Z,274322,10354,188,55.07
sLyiEKCpJrg,Monster Hunter Generations Ultimate Announcement Trailer - Nintendo Switch,2018-05-10T16:18:22Z,444708,15567,466,33.41
JBWSv6TGKvQ,Civilization VI: How to Start a Game - Gameplay Trailer - Nintendo Switch,2018-10-24T14:00:02Z,147272,3726,105,35.49
HMqS3bYTYDI,PUBG Daily Funny WTF Moments Highlights Ep 291,2018-06-06T20:02:02Z,114610,1948,65,29.97
TCyZNgtKlME,PUBG Daily Funny WTF Moments Highlights Ep 388,2018-09-20T18:00:44Z,89726,1305,70,18.64
jczWzIBgfhk,Critical Role Highlights: Jester's Mustache Rod! (2:6) | #CriticalRole,2018-02-17T08:35:01Z,89625,749,12,62.42
AJ8k05MB6sc,PUBG Daily Funny WTF Moments Highlights Ep 220 (playerunknown's battlegrounds Plays),2018-03-20T23:56:46Z,274071,3057,159,19.23
UyyOe3w2nzU,Chain Blades Tutorial | Dauntless Weapon Guide,2018-08-23T01:30:59Z,67512,530,14,37.86
peAPn6-kgkk,PUBG Daily Funny WTF Moments Highlights Ep 244,2018-04-15T20:09:11Z,199971,2525,112,22.54
CJPyTbIYPHQ,Just Dance Unlimited: Naughty Girl - Alternate by BeyoncÃ© - Gameplay Trailer - Nintendo Switch,2018-04-12T16:00:01Z,920677,9620,1436,6.7
DLns0eV_EtU,Xenon Racer - Announcement Trailer - Nintendo Switch,2018-10-03T10:30:01Z,90075,3028,92,32.91
espInYEgXXE,Overwatch - Seasonal Event: Halloween Terror 2018 | PS4,2018-10-09T23:04:48Z,70675,2207,162,13.62
SLjt_yqlwDw,PUBG Daily Funny WTF Moments Highlights Ep 317,2018-07-03T18:47:47Z,114334,1988,56,35.5
tmbWBLO-9RI,Â¡RUGAL 6HT VS TEAM RUGAL!,2018-03-20T02:17:08Z,443258,3923,442,8.88
lKS5Hp16K9U,PLANET ALPHA - Launch Trailer - Nintendo Switch,2018-09-04T16:00:10Z,146163,2928,191,15.33
XyVC2vnCS6Q,ãƒ‹ãƒ£ãƒ‹ãƒ£ãƒ‹ãƒ£! ãƒã‚³ãƒãƒªã‚ªã‚¿ã‚¤ãƒ  ç¬¬129å›(ã€Œå¤§ä¹±é—˜ã‚¹ãƒãƒƒã‚·ãƒ¥ãƒ–ãƒ©ã‚¶ãƒ¼ã‚º SPECIALã€ã»ã‹),2018-12-12T01:00:02Z,216169,1064,103,10.33
rCr6SMI5QLQ,Nintendo Switch å¤§ä¹±é—˜ã‚¹ãƒãƒƒã‚·ãƒ¥ãƒ–ãƒ©ã‚¶ãƒ¼ã‚º SPECIALã‚»ãƒƒãƒˆ [Nintendo Direct 2018.9.14],2018-09-13T22:40:49Z,105406,758,32,23.69
s_r2oKuPx1Q,POLITIA NE-A ARUNCAT LA RECHINI ! | GTA V - RolePlay [10],2018-08-08T14:15:01Z,48172,2241,41,54.66
6c1hT48Bqds,K/DA | Giá»›i thiá»‡u trang phá»¥c CHÃNH THá»¨C - LiÃªn Minh Huyá»n Thoáº¡i,2018-11-05T00:48:27Z,126807,1565,32,48.91
Co_X9mNpmJM,Kof Mugen Team Kyo VS Team Akiha Yagami,2018-02-05T21:30:38Z,38019,814,51,15.96
rWx_VSg2wnQ,Ø´ÙŠÙ„Ø§Øª Ø§ÙÙ„Ø§Ù…| Ø§Ù‚ÙˆÙ‰ Ø§Ù„Ù…Ø¶Ø§Ø±Ø¨Ø§Øª Ù…Ø¹ Ø´ÙŠÙ„Ø§ØªğŸ˜Ø­Ù…Ø§Ø§Ø³ Ù„Ø§ÙŠÙÙˆØªÙƒÙ…/Ø±ÙŠØ¢ÙƒØ´Ù†,2018-06-22T09:58:24Z,3580767,144713,12481,11.59
6vDohf1gW64,Impossible Headshots Feat. Pubg Mobile || MDisCrazy ||,2018-11-04T07:29:30Z,283791,9494,323,29.39
UcN-OVZ4VXk,BEN TURBO SEVÄ°YORUM HANFENDÄ° - Efsane Ekip Komik Anlar #epichaziran,2018-06-28T15:55:34Z,138195,6382,182,35.07
hZJhADizhGk,Kof Mugen Archimonde VS SÃºper Bosses,2018-03-03T02:41:03Z,48854,916,90,10.18
7tMOU8h8cEk,áƒ¢áƒ§áƒ”áƒ¨áƒ˜ áƒ¡áƒšáƒ”áƒœáƒ“áƒ”áƒ áƒ›áƒ”áƒœáƒ˜ áƒ•áƒ˜áƒáƒáƒ•áƒœáƒ” ! - GTA 5 áƒ¥áƒáƒ áƒ—áƒ£áƒšáƒáƒ“ /slenderman mod gta 5,2018-11-03T14:37:50Z,38469,885,32,27.66
g4UVk3ZxjcI,"HÃ´m nay Ä‘i Ä‘Ã¢u ta | Sá»‘ 2: Táº¾T lÃ m gÃ¬ cho háº¿t chÃ¡n cÃ¹ng Warzone, Ren, Victory",2018-02-18T12:00:06Z,63743,1027,36,28.53
VPxgOqhpbbg,"ThÃ´ng sá»‘ 3 Ä‘á»™i: Phong VÅ© Buffalo, Flash Wolves vÃ  Afreeca Freecs",2018-10-09T13:18:17Z,109564,1488,50,29.76
BKkAN6pMeoU,M.U.G.E.N! The King Of Fighters VS Mortal Kombat,2018-12-18T03:48:56Z,77490,1452,131,11.08
kuB8xmZF1eU,Kof Mugen SÃºper Korean Team VS SÃºper Ikari Warriors Team,2018-09-17T04:00:46Z,314260,2757,426,6.47
-vG9Rh_ajSA,HÃ© lá»™ tÆ°á»›ng - Swain,2018-01-19T03:02:00Z,77548,1816,18,100.89
oa8HqVpn5Vk,KT vs. IG | RNG vs. G2 | (Bo5) - Tá»© Káº¿t CKTG 2018,2018-10-20T16:14:08Z,2532578,9951,542,18.36
ZDea6YkO8V0,AFS vs. C9 | FNC vs. EDG | (Bo5) - Tá»© Káº¿t CKTG 2018,2018-10-21T12:34:06Z,2205208,10118,468,21.62
InYR1JcPKRs,ÙÙˆØ±Øª Ù†Ø§ÙŠØª - Ù‚Ù„ØªØ´ ØªØ¯Ø®Ù„ ØªØ­Øª Ø§Ù„Ø§Ø±Ø¶ ÙÙŠ ØªÙ„ØªØ¯ğŸ˜±ØªÙ‚ØªÙ„ Ø¨Ø³Ù‡ÙˆÙ„Ù‡/:fortnite,2018-06-17T19:17:53Z,910892,20757,3327,6.24
MUoIp8bY6YU,Pamer Bojo Voc   Abah  Lala LIVE MG 86 MKVS - CENDOL DAWET WONGEDAN BEBAS - KOPENG,2018-10-23T01:45:40Z,242048,927,91,10.19
QrKhWJHqAXI,Ø£ÙˆÙ„ Ù…Ø±Ø© Ù†Ù„Ø¹Ø¨ ÙÙˆØ±Øª Ù†Ø§ÙŠØª ÙˆØ¬Ø¨Ù†Ø§ Ø§Ù„Ø¹ÙŠØ¯ | ØµØ§Ø±Øª Ù…ÙØ§Ø¬Ø£Ø© ÙÙŠ Ø§Ù„Ø§Ø®ÙŠØ± !!,2018-07-06T17:46:05Z,186734,5486,405,13.55
ncEBJ9NSE8I,Ø´Ø±Ø­ Ù‚Ù„ØªØ´ Ù…Ø§ØªÙ…ÙˆØª ÙÙŠ ÙÙˆØ±Øª Ù†Ø§ÙŠØª ğŸ˜±ğŸ”¥Ø³Ù‡Ù„ Ù…Ø±Ù‡ ( Ø¨Ø¯ÙˆÙ† Ù„Ø§Ø¨ØªÙˆØ¨ )Fortnite,2018-09-19T10:32:03Z,716680,23799,2619,9.09
KHZsEnj5xjU,áƒ°áƒáƒšáƒ™áƒ˜ vs áƒ¯áƒáƒ áƒ˜áƒ¡áƒ™áƒáƒªáƒ”áƒ‘áƒ˜ - GTA 5 áƒ¥áƒáƒ áƒ—áƒ£áƒšáƒáƒ“,2018-05-31T14:43:08Z,27116,752,19,39.58
ZnFo8Lfkqiw,áƒáƒ®áƒáƒšáƒ˜ áƒ’áƒáƒ›áƒáƒœáƒáƒ“áƒ’áƒ£áƒ áƒ”áƒ‘áƒ”áƒšáƒ˜ áƒ˜áƒáƒ áƒáƒ¦áƒ˜ GTA 5 áƒ¥áƒáƒ áƒ—áƒ£áƒšáƒáƒ“ - Pickaxe in GTA 5 qartulad,2018-02-09T09:42:42Z,28624,848,26,32.62
iGNKXfchHNU,M.U.G.E.N Uno De Los Chars MÃ¡s Poderosos!,2018-07-26T22:09:25Z,46074,889,180,4.94
5JahyZCtE1Q,ÙÙˆØ±Øª Ù†Ø§ÙŠØª : Ø¬Ù„Ø¯ ÙÙŠ Ø§Ù„Ø·ÙˆØ± Ø§Ù„Ø¬Ø¯ÙŠØ¯ Ù…Ø¹ Ù…Ø¨Ø§Ø±Ùƒ | Ø³Ù„Ø§Ø­ Ø§Ù„ØªØ³Ù„Ù‚ !! | Fortnite Season 5,2018-09-07T10:28:47Z,418557,6764,622,10.87
wGMhS80qUAA,Xenoblade Chronicles 2: Torna ~ The Golden Country - Story Trailer - Nintendo Switch,2018-08-24T15:00:09Z,282141,7150,75,95.33
q57eQqq9-IA,The Legend of Zelda: Breath of the Wild DLC Dev. Talk - ft. Mr. Aonuma & Mr. Fujibayashi,2018-01-31T18:25:09Z,262320,9618,135,71.24
csZzu5w63r8,MLB The Show 18 - Settle It: Marcus Stroman vs. Trea Turner | PS4,2018-03-07T17:00:03Z,279641,2199,80,27.49
Rm0QWwK6ZLk,Starlink Battle for Atlas - Star Fox Launch Trailer - Nintendo Switch,2018-10-16T16:00:03Z,410166,7401,168,44.05
_ddQqzwH__4,Assassin's Creed Odyssey - Launch Trailer | PS4,2018-09-26T16:00:04Z,909449,14742,873,16.89
aIH8i8QAUaI,Ys VIII: Lacrimosa of DANA Arrives on Nintendo Switch!,2018-01-13T02:09:06Z,240401,6611,194,34.08
5AmwOFLvpaI,Shining Resonance Refrain Launch Trailer - Nintendo Switch,2018-07-10T13:00:01Z,101405,2985,134,22.28
JHsFcSNFUMc,Katamari Damacy REROLL - Launch Trailer - Nintendo Switch,2018-12-07T18:23:41Z,183510,3581,95,37.69
dGITjo1yVxY,Mark of the Ninja: Remastered - Release Date Trailer - Nintendo Switch,2018-09-25T13:00:06Z,144876,3048,74,41.19
F-H86Wg3Ak0,Disgaea 1 Complete - Launch Trailer - Nintendo Switch,2018-10-09T17:00:00Z,127161,3167,135,23.46
5q2OWpjtct8,Fist of the North Star: Lost Paradise - Launch Trailer | PS4,2018-10-02T15:00:00Z,112762,3198,82,39
Or5HB1Lo8b0,Donkey Kong Country: Tropical Freeze â€“ TrÃ¡iler general (Nintendo Switch),2018-04-25T13:00:03Z,456216,3781,169,22.37
nX66TVXF4y8,DARK SOULS: REMASTERED - Launch Trailer - Nintendo Switch,2018-10-19T14:00:07Z,74034,3485,87,40.06
zcTIGiAr448,Dragon Quest XI â€“ Prologue Movie | PS4,2018-08-28T13:00:10Z,101264,2315,36,64.31
GrVNwqbH0kA,Untitled Goose Game - Teaser Trailer - Nintendo Switch,2018-08-28T16:30:00Z,787401,20258,223,90.84
M5Z_F1Ubcvs,Yomawari: The Long Night Collection Announcement Trailer - Nintendo Switch,2018-05-30T17:00:04Z,135626,3933,74,53.15
OrLEHNF8qTg,Super Mario Party - TrÃ¡iler de lanzamiento (Nintendo Switch),2018-09-20T13:00:03Z,496786,5806,187,31.05
tqSY9mlmWIs,Super Smash Bros. Ultimate - TrÃ¡iler general (Nintendo Switch),2018-11-23T17:00:05Z,936653,12851,485,26.5
u43MtglEXPg,Good Hang or Tough Hang Mushroom Kingdom Edition â€“ Nintendo Minute,2018-01-19T23:00:02Z,278090,6536,374,17.48
WQ-vta0oFDw,Official Call of DutyÂ®: Black Ops 4 Zombies â€“ Chaos Story Trailer,2018-07-17T17:00:43Z,2625132,81824,5183,15.79
CteY21Dz4iM,Official Call of DutyÂ®: WWII â€” 'Attack of the Undead!' Community Event Trailer,2018-05-29T17:03:19Z,654916,31655,1437,22.03
0LfEPjqzZSg,Official Call of DutyÂ®: Black Ops 4 â€” Operation Absolute Zero Trailer,2018-12-10T18:00:04Z,1053908,39062,1960,19.93
IFAmtwU9xyY,Official Call of DutyÂ®: WWII - The War Machine DLC 2 Trailer,2018-04-03T17:00:26Z,825629,24832,2047,12.13
wVp_QvmWzrg,2018 Splatoon 2 World Championships - Opening Rounds - Round 2 - Nintendo E3 2018,2018-06-12T18:55:29Z,89559,1107,53,20.89
mwtFhU3swmM,InnerSpace: Into the Inverse Launch Trailer - Nintendo Switch,2018-01-03T22:42:14Z,168219,4971,152,32.7
Y4Mn9Jt7zxw,YO-KAI WATCH BLASTERS - Launch Trailer - Nintendo 3DS,2018-09-07T13:00:09Z,150459,3281,194,16.91
aMj6iwjtJo0,Broforce - Launch Trailer - Nintendo Switch,2018-09-06T15:00:00Z,81979,3866,148,26.12
w_coIKWg0Xo,Donâ€™t Starve: Nintendo Switch Edition Announcement & Release Date Trailer -  Nintendo Switch,2018-04-05T17:00:05Z,168416,4900,85,57.65
7Wtfkl-g-VE,"PokÃ©mon: Letâ€™s Go, Pikachu! and PokÃ©mon: Letâ€™s Go, Eevee! - Overview Trailer - Nintendo Switch",2018-11-16T14:00:00Z,1544087,19357,1513,12.79
rIobkznIcyc,Minecraft The Deep End SMP Episode 4: World Map,2018-06-03T07:38:23Z,97301,3692,20,184.6
mqfqMeJHB_A,Street Fighter 30th Anniversary Collection Launch Trailer - Nintendo Switch,2018-05-29T17:00:06Z,148255,4203,191,22.01
NIgZKHJmTLM,Kirby Star Allies: Accolades Trailer - Nintendo Switch,2018-03-23T16:00:02Z,520364,4440,154,28.83
xJa8qwSOTNk,Dead Cells - Animated Trailer - Nintendo Switch,2018-08-03T22:12:17Z,210423,8743,107,81.71
pd2cVVT1PWQ,Official Call of DutyÂ®: WWII - Blitzkrieg Community Event Trailer,2018-04-17T17:17:39Z,394758,14904,960,15.53
dM94ZFIfj6k,Cefalopop â€“ En directo desde el Campeonato Europeo de Splatoon,2018-04-13T15:00:04Z,376551,9086,194,46.84
R1oubrekpo0,The World Ends with You: Final Remix - Pinning Down Battle - Info Trailer - Nintendo Switch,2018-10-04T14:00:02Z,134868,3541,120,29.51
ffvg7cR68-Q,Official Call of DutyÂ®: Black Ops 4 Zombies â€“ Voyage of Despair,2018-05-17T17:36:58Z,4785693,140722,19051,7.39
zCot9TDoA-M,Official Call of Duty Â®: Black Ops 4Â Zombies â€” Blood of the Dead Teaser Trailer,2018-05-17T17:39:53Z,2004839,80244,3339,24.03
dwwGum_IwhU,Hollow Knight Gameplay - Nintendo Treehouse: Live | E3 2018,2018-06-18T18:49:52Z,140010,2811,106,26.52
sVoLlGls278,Mario + Rabbids Kingdom Battle: Donkey Kong Reveal Trailer - Nintendo Switch,2018-01-12T14:00:09Z,1400184,9727,934,10.41
AsJyVsQNJUg,Katamari Damacy Reroll - Nintendo Switch | Nintendo Direct 9.13.2018,2018-09-19T00:20:27Z,81419,1244,76,16.37
lQXFnNaq3CU,Captain Toad: Treasure Tracker - TrÃ¡iler general (Nintendo Switch & Nintendo 3DS),2018-06-20T13:00:11Z,120883,1870,43,43.49
C7Z0kmbxwgE,Mario Tennis Aces - Blooper - Nintendo Switch,2018-06-18T18:39:34Z,398074,5005,194,25.8
-3KmbzLlOEc,Battle Chasers: Nightwar Launch Trailer - Nintendo Switch,2018-05-15T17:34:49Z,87111,1925,71,27.11
PpcPK2okylM,LIMBO Launch Trailer - Nintendo Switch,2018-06-28T16:19:14Z,86458,2752,64,43
I2sumrltHrA,GERMAN ME ENGAÃ‘O CON UNA ALFOMBRA,2018-01-14T03:08:35Z,1213200,90965,1448,62.82
qJqOLKcjRpw,CO ZA POCISK *zniszczony* - Twitch / Funny Moments,2018-09-24T09:15:22Z,121279,3475,81,42.9
_N-v7hSVtJQ,2018 Splatoon 2 World Championships - Finals - Round 7 - Nintendo E3 2018,2018-06-14T19:24:15Z,924458,10458,383,27.31
YKMobKPUIEk,WWE 2K19 - Rey Mysterio Pre-Order Trailer | PS4,2018-06-27T00:46:40Z,988201,28035,735,38.14
TCs4u--3FBk,VIDEOS MÃS ESCALOFRIANTES DEL INTERNET,2018-02-11T19:00:00Z,276112,24408,264,92.45
1GrsVmwwPAg,PokÃ©mon: Letâ€™s Go! - Play with PokÃ©mon GO & PokÃ© Ball Plus - Nintendo Switch,2018-11-30T22:00:00Z,4568536,18501,2947,6.28
CLQ9z5JVDIs,Official Call of DutyÂ®: Black Ops 4 â€“ Multiplayer Beta Trailer,2018-07-30T16:58:44Z,1834853,63716,7109,8.96
8ylGtCsupYI,Ondakika ( Funny Moments 100 ),2018-03-29T09:00:01Z,950002,30715,886,34.67
3whpoTYKE9k,"PokÃ©mon: Let's Go, Pikachu! y PokÃ©mon: Let's Go, Eevee! - TrÃ¡iler de lanzamiento (Nintendo Switch)",2018-11-16T09:00:00Z,311482,1438,50,28.76
tMGT09yDS8o,GRIS - Release Date Trailer - Nintendo Switch,2018-11-07T13:00:07Z,183705,7878,99,79.58
961F-VtoaYo,SNK 40th ANNIVERSARY COLLECTION - Launch Trailer - Nintendo Switch,2018-11-13T15:00:01Z,139638,1896,180,10.53
MbW9yZoS_2c,ME CONVIERTO en GUEST666... *lo siento*ğŸ˜­,2018-04-20T17:22:52Z,1232922,156239,2091,74.72
cN60IInnqWs,LA EXTRAÃ‘A JUGADORA QUE APARECE EN MIS VIDEOS ğŸ˜° | ROBLOX,2018-02-09T15:56:57Z,3512460,405591,7255,55.91
al_VfSvILOo,SE UNEN HACKERS A MI JUEGO..ğŸ˜¨ | ROBLOXâ˜…,2018-07-15T00:58:43Z,4555051,349423,8876,39.37
ZL9m37XX784,PRZYGODY Z PIWEM - Twitch / Funny Moments,2018-07-30T07:29:10Z,66814,1953,30,65.1
reZ4Zsq0F8M,TROLLOWANIE DONEJTAMI - Twitch / Funny Moments,2018-02-15T08:13:45Z,118065,2554,86,29.7
hg-aQ9_aQMg,LE HACKEO LA CUENTA A MI AMIGO! | ROBLOXâ˜…,2018-07-21T21:53:32Z,357182,45122,1304,34.6
Vi-FfUSUaAM,Official Call of DutyÂ®: Black Ops 4Â Zombies - IX,2018-05-17T17:29:36Z,2084998,60614,10549,5.75
0JG5Y7ZWvWU,Overcooked 2! â€“ Gameplay Features Trailer | PS4,2018-07-26T13:00:01Z,111507,1426,65,21.94
REj6uj9n6Vk,Donkey Kong Country Tropical Freeze - Meet the Kongs: Dixie Kong - Nintendo Switch,2018-05-01T16:32:05Z,156395,2832,97,29.2
Tpzh5iwfBq8,Minecraft The Deep End SMP Episode 6: Funneh Llamas,2018-06-08T03:01:53Z,373104,7344,203,36.18
2N1A5U2HZGg,PUBG Daily Funny WTF Moments Highlights Ep 432,2018-11-07T20:01:25Z,68040,1117,47,23.77
mHFvvMJQGZg,"New Gold Wireless Headset - Launch Video | PS4, PS VR",2018-03-02T18:44:52Z,221365,4684,142,32.99
bw2FGSAsz8s,Donkey Kong Country Tropical Freeze â€“ Meet the Kongs: Cranky Kong â€“ Nintendo Switch,2018-05-02T16:00:03Z,128247,2248,75,29.97
fe4Nb9nGLJE,Super Smash Bros. Ultimate Gameplay Pt. 7 - Nintendo Treehouse: Live | E3 2018,2018-06-15T01:49:35Z,173359,2885,86,33.55
wDuurpo8RQA,FAR CRY 5 - Teleshop unboxing - The Father Edition [HD] | MAGYAR SZINKRONNAL | Ubisoft,2018-02-27T07:48:29Z,846845,189,6,31.5
TV97T4Ci1mA,Donkey Kong Country: Tropical Freeze - Meet the Kongs: Donkey Kong - Nintendo Switch,2018-04-18T17:35:34Z,191721,4425,98,45.15
D4z-aPY7l5o,Nintendo Switch Swap Challenge â€“ Nintendo Minute,2018-02-02T23:00:01Z,145470,3109,223,13.94
XXoeSYi_vcA,Official Call of DutyÂ®: Black Ops 4 â€” Power in Numbers Cinematic,2018-05-17T18:02:19Z,1811124,47441,9007,5.27
g38R6rKLlME,Minecraft Bed Wars: Is This Guy Hacking? (Funny Moments),2018-12-18T04:39:54Z,34206,1628,19,85.68
fRytISngluc,ã€ãƒãƒªã‚ªã‚«ãƒ¼ãƒˆï¼˜ ãƒ‡ãƒ©ãƒƒã‚¯ã‚¹ã€ã«ã€ã‚¼ãƒ«ãƒ€ã®ä¼èª¬ ãƒ–ãƒ¬ã‚¹ ã‚ªãƒ– ã‚¶ ãƒ¯ã‚¤ãƒ«ãƒ‰ã€ã®ã€Œãƒã‚¹ã‚¿ãƒ¼ãƒã‚¤ã‚¯é›¶å¼ã€ç™»å ´,2018-07-20T01:00:02Z,193312,2424,59,41.08
n9T1Fv3zRN4,NBA Playgrounds 2 Announcement Trailer - Nintendo Switch,2018-04-18T20:31:17Z,142580,2820,426,6.62
o6mtJKbfK0s,Speed Brawl - Animated Launch Trailer,2018-09-18T14:47:47Z,199996,144,9,16
CRuHg1dv8MI,Nintendo Direct 9.13.2018,2018-09-13T22:42:12Z,3434080,71026,5988,11.86
R5-bCCYZ_74,ã€ãƒ•ã‚©ãƒ¼ãƒˆãƒŠã‚¤ãƒˆã€‘ãƒ•ã‚©ãƒ¼ãƒˆãƒŠã‚¤ãƒˆã§ã‹ãã‚Œã‚“ã¼ã—ã¦ã¿ãŸï½—ï½—ï½—ã€ã‚†ã£ãã‚Šå®Ÿæ³ã€‘,2018-12-07T11:58:18Z,1145371,7224,254,28.44
OyQc_P0uwi8,PlayLink - Frantics Launch Trailer | PS4,2018-03-01T01:05:22Z,137876,1163,75,15.51
O8QansbvhLQ,NUNCA JUEGUES a ESTE MEEPCITY..ğŸ˜¨| ROBLOXâ˜…,2018-08-08T21:26:30Z,1223684,150696,2603,57.89
FaXe7LL5VWU,24/7 Final Fantasy Community Stream - FF7-7R-8-9-10-12-13-15 Walkthroughs By Dansg08 - Description,2018-08-03T00:44:44Z,4571562,21610,963,22.44
wardmBnjHnU,OCTOPATH TRAVELER - TrÃ¡iler presentaciÃ³n (Nintendo Switch),2018-07-13T13:00:06Z,66865,908,28,32.43
pBJYubppMpE,JUEGO ROBLOX A LAS 3:33AM *Esto Es Lo Que Pasa* ğŸ˜°,2018-01-31T15:01:20Z,1123461,98521,2781,35.43
c0ktyHdjwdc,Minecraft Murder Mystery: New Maps! (Hide and Seek),2018-07-22T02:48:46Z,42810,2647,15,176.47
IzlNzDE9Db8,Splatoon 2 - Octoling 3-Pack - New amiibo,2018-10-11T09:00:00Z,398441,9381,249,37.67
vD7UKo5DbQg,EFSANE KADRO Ä°LE PUBG! w/Rammus53-KendineMuzisyen-Mithrain(Åive YarÄ±ÅŸÄ±) #4,2018-06-20T14:20:54Z,462019,7646,195,39.21
OyNUpdhpHww,LLEGAN LOS ALIENS de JAILBREAK A MI JUEGO en ROBLOX  B,2018-03-18T19:49:27Z,728515,31086,874,35.57
oxVOWW1ZHYs,Screencheat: Unplugged - Launch Trailer - Nintendo Switch,2018-11-29T14:00:09Z,105947,2909,110,26.45
L-3Ydlhy7l4,PUBG Daily Funny WTF Moments Highlights Ep 409,2018-10-14T15:57:51Z,95023,1566,60,26.1
7jOU2EpXKo4,YA NUNCA JUEGUES a Meep City ğŸ˜¨ | ROBLOXâ˜…,2018-07-06T00:24:47Z,1292517,142945,3723,38.4
JeGNt4WjC-M,EL 99% no CONOCE este JUEGO... *es real*ğŸ˜•,2018-03-28T21:44:14Z,1025377,148927,2192,67.94
MR2NlJ9hm_A,ğŸ’€ME CONVIERTO EN LYNA ROBLOX Y PASA ESTO.. ğŸ’€,2018-02-19T16:07:26Z,2152281,378535,7424,50.99
10rRSsSDRyk,PUBG WTF Funny Moments Highlights Ep 153 (playerunknown's battlegrounds Plays),2018-01-06T00:04:32Z,222345,2482,126,19.7
sv2jxqYT9IQ,Americas Cardroom: Jeff Gross on his Cage Live experience,2018-10-01T14:30:20Z,53911,131,5,26.2
8-5yoE07amg,VIAJAMOS a JAPON en ROBLOX ğŸ™‚/ Roleplay,2018-05-17T22:27:59Z,944519,53580,929,57.67
dAbBDFkn8Qk,Meet a Minecrafter: Immersive Minds' Refugee Crisis Map,2018-12-10T16:20:05Z,120934,4477,749,5.98
yBXc6aVl2e8,Fortnite Gameplay - Nintendo Treehouse: Live | E3 2018,2018-06-13T00:45:41Z,332982,5249,562,9.34
3zmTIZ0YEt0,Kirby Star Allies â€œHeroesâ€ - Nintendo Switch,2018-03-16T16:00:43Z,901804,3996,282,14.17
msMS0ijfzTw,ENCUENTRO a EL CREADOR de Meep City (ROBLOX)ğŸ˜±,2018-06-10T23:42:06Z,1254341,99468,3223,30.86
AUTqh5RN11o,Minecraft The Deep End SMP Episode 32: Tear Attack,2018-08-12T06:24:13Z,65847,3070,30,102.33
HfIi-KqmjF8,Mario Kart 8 Deluxe â€“ GuÃ­a de las opciones de control (Nintendo Switch),2018-04-24T12:00:00Z,107966,1073,76,14.12
QJAIH2KSNhQ,COMO ENCONTRAR a JOHN DOE en JAILBREAK..*es real*ğŸ˜¨,2018-06-09T21:13:28Z,415565,40403,1033,39.11
QwoqIheCD6k,The Death of the Assassin's Creed Franchise,2018-06-20T13:00:03Z,12416,557,32,17.41
RsLx_8iboeg,SI JUEGAS en ESTE HOSPITAL ten CUIDADO... *por favor*ğŸ˜¨,2018-03-29T23:47:42Z,579592,72599,867,83.74
09EbOVi0ycA,Official Call of DutyÂ®: WWII - The Resistance DLC 1 Live Action Trailer,2018-01-29T18:00:11Z,7949782,12407,2215,5.6
FqoGl1uuXLE,JUGANDO A MI PROPIO JUEGO EN ROBLOX..ğŸ˜²,2018-09-14T21:15:20Z,714476,105588,3031,34.84
AbGoD3t0dIY,"Far Cry 5 - JÃ¡tssz Ãºgy, mint Boomer! | Trailer | Ubisoft",2018-03-19T17:03:35Z,123099,140,5,28
Q4OF8jqXFv8,BOCAH GEMBEL GELANDANGAN JADI SULTAN -  GTA 5 UANG KAGET,2018-05-09T06:00:01Z,1214581,21171,997,21.23
UgADx40iQJc,PUBG Daily Funny WTF Moments Highlights Ep 430,2018-11-05T18:47:13Z,66513,1230,50,24.6
cs6AGjHgaxY,Une Grande ResponsabilitÃ© | SPIDERMAN PS4 FR #FIN,2018-09-11T19:03:46Z,176364,4030,80,50.38
GY2YQzqydSw,Super Smash Bros. Ultimate Gameplay Pt. 3 - Nintendo Treehouse: Live | E3 2018,2018-06-13T02:15:05Z,452655,6825,256,26.66
PvA7jLnCMrE,Mario Tennis Aces - Birdo - Nintendo Switch,2018-09-28T13:00:03Z,552252,3563,562,6.34
O6OsAhjfxE8,LEGO LES INDESTRUCTIBLES #1,2018-06-15T17:32:04Z,597191,7340,282,26.03
iHbeGcjDNDc,LEGO LES INDESTRUCTIBLES #8 | Vigiles Vigilants,2018-06-21T14:23:01Z,145659,1481,46,32.2
zLcuW3sW8lU,PUBG Daily Funny WTF Moments Highlights Ep 347,2018-08-05T20:04:40Z,82129,1403,35,40.09
wjVogAWRkQA,Paladins Free-to-Play Trailer - Nintendo Switch,2018-07-25T17:00:07Z,192189,5829,221,26.38
w-WWTtlxTtQ,LEGO LES INDESTRUCTIBLES #6 | Fin Film 2,2018-06-19T14:45:00Z,486327,3555,206,17.26
h-Z4_BSN1nM,Fortnite Battle Royale: Team Minecraft! (Funny Moments),2018-02-25T00:52:33Z,44151,1599,35,45.69
sdZOpzTMsF0,Ù…Ø§ÙŠÙ† ÙƒØ±Ø§ÙØª : Ø­Ø±Ø¨ Ø§Ù„Ø³Ø±ÙŠØ± ÙÙŠ Ù‡Ø§ÙŠØ¨ÙƒØ³Ù„ !ØŸ Ø§Ù„Ø¹ÙˆØ¯Ù‡ Ø§Ù„Ø§Ø³Ø·ÙˆØ±ÙŠØ©Ø© !ØŸğŸ˜±,2018-03-13T12:00:09Z,146528,17572,210,83.68
B0MNUdK4nac,LEGO LES INDESTRUCTIBLES #7 | L'Ã‚ge D'or,2018-06-20T13:00:03Z,210999,1785,60,29.75
Nadhrpawwqg,PUBG Funny & WTF Daily Best Moments and Epic Highlights! Ep 330,2018-07-17T17:52:47Z,80836,1431,47,30.45
W3EZ_1yqS4Q,Perdus en pleine mer! - RAFT FR #1 (COOP),2018-05-23T10:05:00Z,119014,2621,72,36.4
3kZRC6mZ3uM,JUST CAUSE 4 FR #1 (1440p - 60FPS),2018-11-30T17:01:01Z,83868,2897,55,52.67
0Pj4B1YuzE4,Sable | SPIDERMAN PS4 FR #11,2018-09-09T13:32:19Z,111142,2778,37,75.08
lq6M-mn9fxM,Diablo III: Eternal Collection - Launch Trailer - Nintendo Switch,2018-11-02T16:02:40Z,106760,1833,166,11.04
hH2VP0QwLzM,PUBG Funny WTF Moments Highlights Ep 189 (playerunknown's battlegrounds Plays),2018-02-14T00:37:02Z,178569,2405,103,23.35
kZpE-z5y1wU,MARIO + LAPINS CRÃ‰TINS FR | DLC Donkey Kong #1,2018-06-26T16:15:01Z,159479,1750,85,20.59
v3UyFucwO00,LEGO AVENGERS INFINITY WAR (DLC LM2),2018-04-24T14:30:03Z,377243,4380,156,28.08
nlhQxD1kZYQ,Halloween | SPIDERMAN PS4 FR #10,2018-09-09T10:04:21Z,141041,2892,59,49.02
Js7NyYpSLLc,POKEMON LET'S GO FR #1,2018-11-16T17:11:37Z,179688,3734,93,40.15
GG1HmiDNttM,LUMINES REMASTERED Announcement Trailer - Nintendo Switch,2018-03-20T16:30:01Z,76148,898,74,12.14
wEkTiS4guSw,DÃ©but des missions secondaires | SPIDERMAN PS4 FR #19,2018-09-12T15:09:05Z,109689,2248,36,62.44
ASxfKEM6Zfw,SULTAN BELI RUMAH ANGKER - GTA 5 EKSPEDISI MERAH,2018-04-22T08:24:21Z,875411,8045,729,11.04
1zcsLgFm3D4,SKONCZYLEM ULEPSZAC MUR! | Clash Of Clans Polska,2018-03-28T14:06:08Z,37576,1183,45,26.29
qpBLLsloWws,LEGO AQUAMAN LE FILM (DLC #1 LEGO DC),2018-12-05T14:00:13Z,78150,1611,54,29.83
aF4hox1TaCc,ì•„ì‹œì•„ ë°”ê±°ëŒ€í‘œ í‘¸ì‚¬ (181008),2018-10-08T16:31:05Z,27506,118,3,39.33
0xIn3LiFuk8,L'Atlantide | ASSASSIN'S CREED ODYSSEY FR #18,2018-10-15T16:30:00Z,22598,764,9,84.89
w9Un216QmBg,Le Chemin - GOD OF WAR FR #3,2018-04-20T10:01:00Z,182033,3901,71,54.94
9It6WneRtE8,LEGO LES INDESTRUCTIBLES #10 | Syndrome,2018-06-23T10:00:01Z,143895,1321,37,35.7
Etb7zJxP4BA,LEGO LES INDESTRUCTIBLES #FIN | L'Ultime Confrontation,2018-06-24T10:00:01Z,261085,1960,100,19.6
HTfqYInnZDM,Agitations en Mer | LEGO DC SUPER-VILAINS FR #6,2018-10-19T15:00:01Z,88750,1801,33,54.58
BgDyNzOwxco,Une Youtubeuse psychopathe | SPIDERMAN PS4 FR #24,2018-09-17T16:45:01Z,53920,1450,25,58
PVgr-jwp9_k,[ì™¸ëª¨ì§€ìƒì£¼ì˜] ì •ì‹ ì¶œì‹œ ê¸°ë…! êµ­ë¯¼ì›¹íˆ°ì‘ê°€ ë°•íƒœì¤€ ì¸í„°ë·°,2018-11-27T02:00:17Z,121320,32,4,8
5HLDnAEsTac,POKEMON QUEST FR #1 Jeu gratuit sur Switch et Smarphone!,2018-05-30T11:13:16Z,104169,1777,65,27.34
coiurpOBi4Y,"[VRChat] Part 24 - DEATHRUN w/ AXION, MADVICIUS & FRIENDS! (VRChat Funny Moments)",2018-04-04T14:24:04Z,59894,1063,7,151.86
wvvo5riqSzs,Atreus prend trop la confiance! - GOD OF WAR FR #17,2018-04-26T18:48:31Z,119220,2560,46,55.65
8PQqL_HQU-E,KONVOI ADVENTURE HUMMER MOBIL SULTAN - REAL LIFE GTA 5 (11),2018-03-18T01:12:57Z,515396,4623,341,13.56
9m-qrCP4dK0,FIFA 19 FR | PSG - JUVENTUS (Ligue des Champions),2018-08-26T15:00:00Z,528555,5551,490,11.33
oZ1gpCu1Yr4,OVERCOOKED 2 FR (Preview) #1 | RÃ©ouverture de la Cuisine!,2018-06-22T11:00:04Z,42104,726,17,42.71
ozNjqIMySWU,Le cÅ“ur de la montagne - GOD OF WAR FR #9,2018-04-22T13:30:01Z,120914,2811,50,56.22
tba4UFHLuVY,FORTNITE SEZON 6 YENÄ°LÄ°KLER,2018-09-27T12:57:37Z,97084,1657,83,19.96
tRgNRU-Nfs4,Remnant: From the Ashes - Announcement Trailer | PS4,2018-07-12T23:14:52Z,140390,2586,105,24.63
wv05rB3l6Fk,LEGO les Indestructibles - Gameplay Preview #1 FR,2018-05-19T10:00:33Z,56045,1446,28,51.64
Cvt69Z4MAIk,DILAN 2018!! Milea Selingkuh ğŸ˜¢ - GTA 5 PARODY KOCAK,2018-02-23T07:00:00Z,2871088,16847,2074,8.12
IQTNyAbyHuU,Surf sur une Tornade ! | JUST CAUSE 4 FR #2,2018-11-30T20:00:02Z,43690,1449,22,65.86
jM-Imq6WCeA,SPYRO LE DRAGON ğŸ”¥ #1 | Spyro Reignited Trilogy FR,2018-11-11T14:00:05Z,205299,3030,120,25.25
NkxnVO6BqfA,LEGO DC SUPER-VILAINS - Tous les VÃ©hicules !,2018-11-07T14:00:04Z,63373,1285,55,23.36
omTl6g7xplI,DETROIT BECOME HUMAN - Gameplay fr (Demo),2018-04-23T18:15:00Z,20175,858,9,95.33
Er_Bay5AOGI,Erreur : Fichier Introuvable | SPIDERMAN PS4 FR #21,2018-09-14T16:00:02Z,82710,1693,27,62.7
ZeQzjlTrrdg,Detroit: Become Human Digital Deluxe Edition - Get Heavy Rain Instantly | PS4,2018-05-11T18:31:01Z,75870,1838,91,20.2
34b6AGuCGog,Le fameux Alchimiste - GOD OF WAR FR #22,2018-04-30T16:00:01Z,77188,1785,37,48.24
96NPU19uVLA,Minecraft Avenue Modded SMP Episode 17: Tough Love,2018-01-04T00:24:06Z,30735,1660,23,72.17
Wo7s-GXuHx8,Je suis un Vampire ğŸ¦‡ | VAMPYR FR #1,2018-06-05T16:01:19Z,146268,2883,102,28.26
T43Piibfqk8,L'attaque du Train! | RED DEAD REDEMPTION 2 FR ğŸ¤  #3,2018-10-26T08:00:02Z,81297,2451,38,64.5
TduvAovhWJI,Formation de Stagiaires | JUST CAUSE 4 FR #4,2018-12-03T18:00:05Z,19968,825,16,51.56
6snKvx3DT18,SULTAN PIPIS DI POHON BERHANTU - GTA 5 DUA DUNIA,2018-05-12T06:00:01Z,1077344,8170,791,10.33
ScIjraE9MiQ,On l'a senti venir! - FIFA 19 FR | L'Aventure d'Alex Hunter #10,2018-10-10T16:30:01Z,14019,511,11,46.45
nDhSPl0NtQs,La Morgue | VAMPYR FR #2,2018-06-06T17:00:04Z,34536,835,24,34.79
JnJUVoKCXsE,Jade Dynasty Mobile,2018-07-25T10:19:34Z,473380,75,6,12.5
hHqZQPSLGgE,John Wicks revenge - A Fortnite Short Film,2018-05-25T15:44:43Z,1160339,21161,805,26.29
FbA-EwCDIFM,Atterrissage ForcÃ© | SHADOW OF THE TOMB RAIDER FR #2,2018-09-12T15:30:01Z,72849,1451,26,55.81
Bv6neW6l01E,Sparte contre AthÃ¨nes | ASSASSIN'S CREED ODYSSEY FR #6,2018-10-03T13:00:02Z,46552,1362,19,71.68
x3iKkhHsqE4,SOUTH PARK L'Annale Du Destin | DLC La Casa Bonita [1/2],2018-08-18T16:00:10Z,19972,555,18,30.83
4MIGp1A0xYE,Nigel West Dickens | RED DEAD REDEMPTION FR #4,2018-07-27T16:30:01Z,23875,692,19,36.42
eOxaO5YrOc0,Just Dance 2019 Demo - Play One Kiss for Free - Nintendo Switch,2018-11-30T17:00:05Z,164949,1512,187,8.09
rLSincXTug8,4 Minecrafters Play the *New* Minecraft Mini Game â€˜Grid Runnersâ€™,2018-09-22T08:25:39Z,80176,2623,106,24.75
3JHn-981gjM,L'Oracle | ASSASSIN'S CREED ODYSSEY FR #8,2018-10-05T16:00:01Z,24375,912,10,91.2
BoNgxtqdmxk,Ø§Ù„Ø§Ø³Ø·ÙˆØ±Ø© ØªØ¨Ù‚Ù‰ Ø§Ø³Ø·ÙˆØ±Ø© !ØŸ Minecraft l,2018-08-19T13:07:39Z,158916,19494,408,47.78
exaAWeVrhi4,ã€Šå¾¡ç¥å¸«-èˆ‡ç¥åŒè¡Œã€‹æ²ˆè¾²æ°é™è‡¨-è®“ä½ é•·å‘½ç™¾æ­²,2018-07-18T10:12:42Z,559515,14,4,3.5
abGn5cZY9hg,Let's Play Live #14 Zelda Breath of the Wild EXPERT (Labyrinthe et carte complÃ¨te),2018-06-17T10:00:00Z,25602,1239,6,206.5
H-RVZ9aGJO4,On l'a trouvÃ©! | ASSASSIN'S CREED ODYSSEY FR #16,2018-10-13T14:30:00Z,19609,725,10,72.5
thwyn6l6OX4,La bande s'effrite | RED DEAD REDEMPTION 2 FR #24,2018-11-06T16:41:01Z,21906,640,12,53.33
lS20Fm4Uvfs,Let's Play Antigraviator Part 1 - THE NEW WIPEOUT? | PC Gameplay,2018-06-06T17:24:50Z,13297,106,14,7.57
MvMJ0-IwQT0,EXTINCTION - Gameplay | Decouverte FR,2018-04-10T16:30:00Z,10096,338,15,22.53
1uUBaFx5C8s,ANAK GTA MAIN ML FANNY DARAT - TEST STREAMING,2018-05-27T07:51:58Z,25504,725,38,19.08
jUfw6wwxjig,METAL GEAR SURVIVE (COOP) Stop faire le fanboy!,2018-01-19T11:00:05Z,18742,611,36,16.97
Z5l0dEgRWpg,No Copyright Gaming Music - Horn Crack [ Soundcheck ] - DJ Sarang - CoverFire Gaming,2018-04-18T06:41:33Z,6367770,19644,3239,6.06
sfA59ZpvDv8,SNK HEROINES Tag Team Frenzy - Features Trailer - Nintendo Switch,2018-07-19T17:00:05Z,156095,3091,297,10.41
